Segmento,Modelo do Avião,Quantidade entregue,Ano de fabricação,Ano de entrega,Quantidade de Motores,Tamanho do tanque (litros),Peso do avião vazio ,Custo de combustível - AVGAS (pré pandemia),Custo de combustível AVGAS (pós pandemia),Custo de combustível - querosene,Custo de combustível - querosene (póspandemia),Quantidade encomendada,Pedidos Firmes em Carteira,Cliente,Origem,Destino,Distância (km),Autonomia (km),Parada para reabastecer,Frete (pre pandemia - AVGAS) ,Frete (pos pandemia - AVGAS),Frete - QAV,Frete (pos pandemia - QAV),Custo total AVGAs,Custo total QAV,Custo de Transporte (entregas futuras - AVGAS),Custo de Transporte (entregas futuras - QAV)
Aviação Comercial,EMBRAER 170 (E170),1,2009,2010,2,11625,21140,"R$ 4,50","R$ 5,52","R$ 1,20","R$ 4,60",,0,Airnorth,São José dos Campos,Austrália,14613,3982,3,"R$ 209.252,80","R$ 466.771,20","R$ 55.940,25","R$ 213.902,86","R$ 209.252,80","R$ 55.940,25","R$ 0,00","R$ 0,00"
Aviação Comercial,EMBRAER 170 (E170),2,2010,2011,2,11625,21140,"R$ 4,50","R$ 5,52","R$ 1,61","R$ 4,60",,0,Alitalia,São José dos Campos,Itália,9397,3982,2,"R$ 156.939,60","R$ 350.078,40","R$ 56.198,33","R$ 160.427,15","R$ 313.879,20","R$ 112.396,66","R$ 0,00","R$ 0,00"
Aviação Comercial,EMBRAER 170 (E170),4,2011,2012,2,11625,21140,"R$ 4,50","R$ 5,52","R$ 1,83","R$ 4,60",,0,Alitalia,São José dos Campos,Itália,9397,3982,2,"R$ 156.939,60","R$ 350.078,40","R$ 63.853,49","R$ 160.427,15","R$ 627.758,41","R$ 255.413,97","R$ 0,00","R$ 0,00"
Aviação Comercial,EMBRAER 170 (E170),6,2007,2008,2,11625,21140,"R$ 4,50","R$ 5,52","R$ 1,29","R$ 4,60",,0,BA CityFlyer,São José dos Campos,Reino Unido,9614,3982,2,"R$ 156.939,60","R$ 350.078,40","R$ 45.139,32","R$ 160.427,15","R$ 941.637,61","R$ 270.835,90","R$ 0,00","R$ 0,00"
Aviação Comercial,EMBRAER 170 (E170),1,2009,2010,2,11625,21140,"R$ 4,50","R$ 5,52","R$ 1,20","R$ 4,60",,0,Cirrus,São José dos Campos,Alemanha,9923,3982,2,"R$ 156.939,60","R$ 350.078,40","R$ 41.955,19","R$ 160.427,15","R$ 156.939,60","R$ 41.955,19","R$ 0,00","R$ 0,00"
Aviação Comercial,EMBRAER 170 (E170),3,2012,2013,2,11625,21140,"R$ 4,50","R$ 5,52","R$ 1,97","R$ 4,60",,0,ECC Leasing,São José dos Campos,Irlanda,9254,3982,2,"R$ 156.939,60","R$ 350.078,40","R$ 68.798,83","R$ 160.427,15","R$ 470.818,81","R$ 206.396,50","R$ 0,00","R$ 0,00"
Aviação Comercial,EMBRAER 170 (E170),2,2007,2008,2,11625,21140,"R$ 4,50","R$ 5,52","R$ 1,29","R$ 4,60",,0,ECC Leasing,São José dos Campos,Irlanda,9254,3982,2,"R$ 156.939,60","R$ 350.078,40","R$ 45.139,32","R$ 160.427,15","R$ 313.879,20","R$ 90.278,63","R$ 0,00","R$ 0,00"
Aviação Comercial,EMBRAER 170 (E170),1,2009,2010,2,11625,21140,"R$ 4,50","R$ 5,52","R$ 1,20","R$ 4,60",,0,ECC Leasing,São José dos Campos,Irlanda,9254,3982,2,"R$ 156.939,60","R$ 350.078,40","R$ 41.955,19","R$ 160.427,15","R$ 156.939,60","R$ 41.955,19","R$ 0,00","R$ 0,00"
Aviação Comercial,EMBRAER 170 (E170),5,2008,2009,2,11625,21140,"R$ 4,50","R$ 5,52","R$ 1,05","R$ 4,60",,0,EgyptAir,São José dos Campos,Egito,9932,3982,2,"R$ 156.939,60","R$ 350.078,40","R$ 36.727,35","R$ 160.427,15","R$ 784.698,01","R$ 183.636,77","R$ 0,00","R$ 0,00"
Aviação Comercial,EMBRAER 170 (E170),3,2013,2014,2,11625,21140,"R$ 4,50","R$ 5,52","R$ 1,74","R$ 4,60",,0,EgyptAir,São José dos Campos,Egito,9932,3982,2,"R$ 156.939,60","R$ 350.078,40","R$ 60.596,12","R$ 160.427,15","R$ 470.818,81","R$ 181.788,37","R$ 0,00","R$ 0,00"
Aviação Comercial,EMBRAER 170 (E170),2,2014,2015,2,11625,21140,"R$ 4,50","R$ 5,52","R$ 1,60","R$ 4,60",,0,EgyptAir,São José dos Campos,Egito,9932,3982,2,"R$ 156.939,60","R$ 350.078,40","R$ 55.849,57","R$ 160.427,15","R$ 313.879,20","R$ 111.699,15","R$ 0,00","R$ 0,00"
Aviação Comercial,EMBRAER 170 (E170),2,2015,2016,2,11625,21140,"R$ 4,50","R$ 5,52","R$ 1,48","R$ 4,60",,0,EgyptAir,São José dos Campos,Egito,9932,3982,2,"R$ 156.939,60","R$ 350.078,40","R$ 51.643,59","R$ 160.427,15","R$ 313.879,20","R$ 103.287,18","R$ 0,00","R$ 0,00"
Aviação Comercial,EMBRAER 170 (E170),10,2016,2017,2,11625,21140,"R$ 4,50","R$ 5,52","R$ 1,81","R$ 4,60",,0,Finnair,São José dos Campos,Finlândia,11359,3982,2,"R$ 156.939,60","R$ 350.078,40","R$ 62.985,09","R$ 160.427,15","R$ 1.569.396,02","R$ 629.850,94","R$ 0,00","R$ 0,00"
Aviação Comercial,EMBRAER 170 (E170),8,2006,2007,2,11625,21140,"R$ 4,50","R$ 5,52","R$ 1,41","R$ 4,60",,0,GECAS,São José dos Campos,EUA,8490,3982,2,"R$ 156.939,60","R$ 350.078,40","R$ 49.097,68","R$ 160.427,15","R$ 1.255.516,82","R$ 392.781,46","R$ 0,00","R$ 0,00"
Aviação Comercial,EMBRAER 170 (E170),1,2018,2019,2,11625,21140,"R$ 4,50","R$ 5,52","R$ 2,35","R$ 4,60",,0,GECAS,São José dos Campos,EUA,8490,3982,2,"R$ 156.939,60","R$ 350.078,40","R$ 82.037,56","R$ 160.427,15","R$ 156.939,60","R$ 82.037,56","R$ 0,00","R$ 0,00"
Aviação Comercial,EMBRAER 170 (E170),12,2009,2010,2,11625,21140,"R$ 4,50","R$ 5,52","R$ 1,20","R$ 4,60",,0,JAL,São José dos Campos,Japão,18506,3982,4,"R$ 261.566,00","R$ 583.464,00","R$ 69.925,31","R$ 267.378,58","R$ 3.138.792,04","R$ 839.103,74","R$ 0,00","R$ 0,00"
Aviação Comercial,EMBRAER 170 (E170),2,2011,2012,2,11625,21140,"R$ 4,50","R$ 5,52","R$ 1,83","R$ 4,60",,0,JAL,São José dos Campos,Japão,18506,3982,4,"R$ 261.566,00","R$ 583.464,00","R$ 106.422,49","R$ 267.378,58","R$ 523.132,01","R$ 212.844,98","R$ 0,00","R$ 0,00"
Aviação Comercial,EMBRAER 170 (E170),3,2016,2017,2,11625,21140,"R$ 4,50","R$ 5,52","R$ 1,81","R$ 4,60",,0,JAL,São José dos Campos,Japão,18506,3982,4,"R$ 261.566,00","R$ 583.464,00","R$ 104.975,16","R$ 267.378,58","R$ 784.698,01","R$ 314.925,47","R$ 0,00","R$ 0,00"
Aviação Comercial,EMBRAER 170 (E170),1,2017,2018,2,11625,21140,"R$ 4,50","R$ 5,52","R$ 2,12","R$ 4,60",,0,JAL,São José dos Campos,Japão,18506,3982,4,"R$ 261.566,00","R$ 583.464,00","R$ 123.499,84","R$ 267.378,58","R$ 261.566,00","R$ 123.499,84","R$ 0,00","R$ 0,00"
Aviação Comercial,EMBRAER 170 (E170),4,2007,2008,2,11625,21140,"R$ 4,50","R$ 5,52","R$ 1,29","R$ 4,60",,0,LOT Polish,São José dos Campos,Polônia,10454,3982,2,"R$ 156.939,60","R$ 350.078,40","R$ 45.139,32","R$ 160.427,15","R$ 627.758,41","R$ 180.557,27","R$ 0,00","R$ 0,00"
Aviação Comercial,EMBRAER 170 (E170),1,2015,2016,2,11625,21140,"R$ 4,50","R$ 5,52","R$ 1,48","R$ 4,60",,0,LOT Polish,São José dos Campos,Polônia,10454,3982,2,"R$ 156.939,60","R$ 350.078,40","R$ 51.643,59","R$ 160.427,15","R$ 156.939,60","R$ 51.643,59","R$ 0,00","R$ 0,00"
Aviação Comercial,EMBRAER 170 (E170),1,2017,2018,2,11625,21140,"R$ 4,50","R$ 5,52","R$ 2,12","R$ 4,60",,0,LOT Polish,São José dos Campos,Polônia,10454,3982,2,"R$ 156.939,60","R$ 350.078,40","R$ 74.099,90","R$ 160.427,15","R$ 156.939,60","R$ 74.099,90","R$ 0,00","R$ 0,00"
Aviação Comercial,EMBRAER 170 (E170),1,2013,2014,2,11625,21140,"R$ 4,50","R$ 5,52","R$ 1,74","R$ 4,60",,0,NAC / Jetscape,São José dos Campos,EUA,8490,3982,2,"R$ 156.939,60","R$ 350.078,40","R$ 60.596,12","R$ 160.427,15","R$ 156.939,60","R$ 60.596,12","R$ 0,00","R$ 0,00"
Aviação Comercial,EMBRAER 170 (E170),1,2012,2013,2,11625,21140,"R$ 4,50","R$ 5,52","R$ 1,97","R$ 4,60",,0,Petro Air,São José dos Campos,Líbia,8736,3982,2,"R$ 156.939,60","R$ 350.078,40","R$ 68.798,83","R$ 160.427,15","R$ 156.939,60","R$ 68.798,83","R$ 0,00","R$ 0,00"
Aviação Comercial,EMBRAER 170 (E170),1,2018,2019,2,11625,21140,"R$ 4,50","R$ 5,52","R$ 2,35","R$ 4,60",,0,Petro Air,São José dos Campos,Líbia,8736,3982,2,"R$ 156.939,60","R$ 350.078,40","R$ 82.037,56","R$ 160.427,15","R$ 156.939,60","R$ 82.037,56","R$ 0,00","R$ 0,00"
Aviação Comercial,EMBRAER 170 (E170),4,2004,2005,2,11625,21140,"R$ 4,50","R$ 5,52","R$ 1,15","R$ 4,60",,0,Regional,São José dos Campos,França,9108,3982,2,"R$ 156.939,60","R$ 350.078,40","R$ 39.932,41","R$ 160.427,15","R$ 627.758,41","R$ 159.729,64","R$ 0,00","R$ 0,00"
Aviação Comercial,EMBRAER 170 (E170),6,2014,2015,2,11625,21140,"R$ 4,50","R$ 5,52","R$ 1,60","R$ 4,60",,0,Regional,São José dos Campos,França,9108,3982,2,"R$ 156.939,60","R$ 350.078,40","R$ 55.849,57","R$ 160.427,15","R$ 941.637,61","R$ 335.097,44","R$ 0,00","R$ 0,00"
Aviação Comercial,EMBRAER 170 (E170),8,2012,2013,2,11625,21140,"R$ 4,50","R$ 5,52","R$ 1,97","R$ 4,60",,0,Republic Airlines,São José dos Campos,EUA,8490,3982,2,"R$ 156.939,60","R$ 350.078,40","R$ 68.798,83","R$ 160.427,15","R$ 1.255.516,82","R$ 550.390,67","R$ 0,00","R$ 0,00"
Aviação Comercial,EMBRAER 170 (E170),35,2009,2010,2,11625,21140,"R$ 4,50","R$ 5,52","R$ 1,20","R$ 4,60",,0,Republic Airlines,São José dos Campos,EUA,8490,3982,2,"R$ 156.939,60","R$ 350.078,40","R$ 41.955,19","R$ 160.427,15","R$ 5.492.886,07","R$ 1.468.431,54","R$ 0,00","R$ 0,00"
Aviação Comercial,EMBRAER 170 (E170),1,2014,2015,2,11625,21140,"R$ 4,50","R$ 5,52","R$ 1,60","R$ 4,60",,0,Republic Airlines,São José dos Campos,EUA,8490,3982,2,"R$ 156.939,60","R$ 350.078,40","R$ 55.849,57","R$ 160.427,15","R$ 156.939,60","R$ 55.849,57","R$ 0,00","R$ 0,00"
Aviação Comercial,EMBRAER 170 (E170),3,2008,2009,2,11625,21140,"R$ 4,50","R$ 5,52","R$ 1,05","R$ 4,60",,0,Republic Airlines,São José dos Campos,EUA,8490,3982,2,"R$ 156.939,60","R$ 350.078,40","R$ 36.727,35","R$ 160.427,15","R$ 470.818,81","R$ 110.182,06","R$ 0,00","R$ 0,00"
Aviação Comercial,EMBRAER 170 (E170),1,2008,2009,2,11625,21140,"R$ 4,50","R$ 5,52","R$ 1,05","R$ 4,60",,0,Republic Airlines,São José dos Campos,EUA,8490,3982,2,"R$ 156.939,60","R$ 350.078,40","R$ 36.727,35","R$ 160.427,15","R$ 156.939,60","R$ 36.727,35","R$ 0,00","R$ 0,00"
Aviação Comercial,EMBRAER 170 (E170),1,2010,2011,2,11625,21140,"R$ 4,50","R$ 5,52","R$ 1,61","R$ 4,60",,0,Satena,São José dos Campos,Colômbia,4362,3982,1,"R$ 104.626,40","R$ 233.385,60","R$ 37.465,55","R$ 106.951,43","R$ 104.626,40","R$ 37.465,55","R$ 0,00","R$ 0,00"
Aviação Comercial,EMBRAER 170 (E170),10,2004,2005,2,11625,21140,"R$ 4,50","R$ 5,52","R$ 1,15","R$ 4,60",,0,Saudi Arabian Airlines,São José dos Campos,Arábia Saudita,11114,3982,2,"R$ 156.939,60","R$ 350.078,40","R$ 39.932,41","R$ 160.427,15","R$ 1.569.396,02","R$ 399.324,10","R$ 0,00","R$ 0,00"
Aviação Comercial,EMBRAER 170 (E170),4,2003,2004,2,11625,21140,"R$ 4,50","R$ 5,52","R$ 1,06","R$ 4,60",,0,Saudi Arabian Airlines,São José dos Campos,Arábia Saudita,11114,3982,2,"R$ 156.939,60","R$ 350.078,40","R$ 37.076,11","R$ 160.427,15","R$ 627.758,41","R$ 148.304,44","R$ 0,00","R$ 0,00"
Aviação Comercial,EMBRAER 170 (E170),1,2004,2005,2,11625,21140,"R$ 4,50","R$ 5,52","R$ 1,15","R$ 4,60",,0,Saudi Arabian Airlines,São José dos Campos,Arábia Saudita,11114,3982,2,"R$ 156.939,60","R$ 350.078,40","R$ 39.932,41","R$ 160.427,15","R$ 156.939,60","R$ 39.932,41","R$ 0,00","R$ 0,00"
Aviação Comercial,EMBRAER 170 (E170),1,2008,2009,2,11625,21140,"R$ 4,50","R$ 5,52","R$ 1,05","R$ 4,60",,0,Sirte Oil,São José dos Campos,Líbia,8736,3982,2,"R$ 156.939,60","R$ 350.078,40","R$ 36.727,35","R$ 160.427,15","R$ 156.939,60","R$ 36.727,35","R$ 0,00","R$ 0,00"
Aviação Comercial,EMBRAER 170 (E170),1,2012,2013,2,11625,21140,"R$ 4,50","R$ 5,52","R$ 1,97","R$ 4,60",,0,Suzuyo,São José dos Campos,Japão,18506,3982,4,"R$ 261.566,00","R$ 583.464,00","R$ 114.664,72","R$ 267.378,58","R$ 261.566,00","R$ 114.664,72","R$ 0,00","R$ 0,00"
Aviação Comercial,EMBRAER 170 (E170),1,2003,2004,2,11625,21140,"R$ 4,50","R$ 5,52","R$ 1,06","R$ 4,60",,0,Suzuyo,São José dos Campos,Japão,18506,3982,4,"R$ 261.566,00","R$ 583.464,00","R$ 61.793,52","R$ 267.378,58","R$ 261.566,00","R$ 61.793,52","R$ 0,00","R$ 0,00"
Aviação Comercial,EMBRAER 170 (E170),2,2010,2011,2,11625,21140,"R$ 4,50","R$ 5,52","R$ 1,61","R$ 4,60",,0,TAME,São José dos Campos,Equador,4212,3982,1,"R$ 104.626,40","R$ 233.385,60","R$ 37.465,55","R$ 106.951,43","R$ 209.252,80","R$ 74.931,10","R$ 0,00","R$ 0,00"
Aviação Comercial,EMBRAER 170 (E170),9,2010,2011,2,11625,21140,"R$ 4,50","R$ 5,52","R$ 1,61","R$ 4,60",,0,US Airways,São José dos Campos,EUA,8490,3982,2,"R$ 156.939,60","R$ 350.078,40","R$ 56.198,33","R$ 160.427,15","R$ 1.412.456,42","R$ 505.784,95","R$ 0,00","R$ 0,00"
Aviação Comercial,EMBRAER 170 (E170),4,2016,2017,2,11625,21140,"R$ 4,50","R$ 5,52","R$ 1,81","R$ 4,60",,0,US Airways,São José dos Campos,EUA,8490,3982,2,"R$ 156.939,60","R$ 350.078,40","R$ 62.985,09","R$ 160.427,15","R$ 627.758,41","R$ 251.940,37","R$ 0,00","R$ 0,00"
Aviação Comercial,EMBRAER 170 (E170),8,2010,2011,2,11625,21140,"R$ 4,50","R$ 5,52","R$ 1,61","R$ 4,60",,0,US Airways,São José dos Campos,EUA,8490,3982,2,"R$ 156.939,60","R$ 350.078,40","R$ 56.198,33","R$ 160.427,15","R$ 1.255.516,82","R$ 449.586,62","R$ 0,00","R$ 0,00"
Aviação Comercial,EMBRAER 170 (E170),3,2010,2011,2,11625,21140,"R$ 4,50","R$ 5,52","R$ 1,61","R$ 4,60",,0,US Airways,São José dos Campos,EUA,8490,3982,2,"R$ 156.939,60","R$ 350.078,40","R$ 56.198,33","R$ 160.427,15","R$ 470.818,81","R$ 168.594,98","R$ 0,00","R$ 0,00"
Aviação Comercial,EMBRAER 170 (E170),4,2002,2003,2,11625,21140,"R$ 4,50","R$ 5,52","R$ 0,84","R$ 4,60",,0,US Airways,São José dos Campos,EUA,8490,3982,2,"R$ 156.939,60","R$ 350.078,40","R$ 29.176,82","R$ 160.427,15","R$ 627.758,41","R$ 116.707,26","R$ 0,00","R$ 0,00"
Aviação Comercial,EMBRAER 170 (E170),5,2006,2007,2,11625,21140,"R$ 4,50","R$ 5,52","R$ 1,41","R$ 4,60",,0,Virgin Australia,São José dos Campos,Austrália,14613,3982,3,"R$ 209.252,80","R$ 466.771,20","R$ 65.463,58","R$ 213.902,86","R$ 1.046.264,01","R$ 327.317,88","R$ 0,00","R$ 0,00"
Aviação Comercial,EMBRAER 170 (E170),1,2005,2006,2,11625,21140,"R$ 4,50","R$ 5,52","R$ 1,17","R$ 4,60",,0,Virgin Australia,São José dos Campos,Austrália,14613,3982,3,"R$ 209.252,80","R$ 466.771,20","R$ 54.438,28","R$ 213.902,86","R$ 209.252,80","R$ 54.438,28","R$ 0,00","R$ 0,00"
Aviação Comercial,EMBRAER 175 (E175),1,2017,2018,2,11650,21810,"R$ 4,50","R$ 5,52","R$ 2,12","R$ 4,60",,0,Air Canada,São José dos Campos,Canadá,10478,4074,2,"R$ 157.275,84","R$ 361.173,60","R$ 74.258,66","R$ 160.770,86","R$ 157.275,84","R$ 74.258,66","R$ 0,00","R$ 0,00"
Aviação Comercial,EMBRAER 175 (E175),13,2006,2007,2,11650,21810,"R$ 4,50","R$ 5,52","R$ 1,41","R$ 4,60",,0,Air Canada,São José dos Campos,Canadá,10478,4074,2,"R$ 157.275,84","R$ 361.173,60","R$ 49.202,87","R$ 160.770,86","R$ 2.044.585,93","R$ 639.637,35","R$ 0,00","R$ 0,00"
Aviação Comercial,EMBRAER 175 (E175),1,2013,2014,2,11650,21810,"R$ 4,50","R$ 5,52","R$ 1,74","R$ 4,60",,0,Air Canada,São José dos Campos,Canadá,10478,4074,2,"R$ 157.275,84","R$ 361.173,60","R$ 60.725,95","R$ 160.770,86","R$ 157.275,84","R$ 60.725,95","R$ 0,00","R$ 0,00"
Aviação Comercial,EMBRAER 175 (E175),6,2023,2023,2,11650,21810,"R$ 4,50","R$ 5,52","R$ 4,40","R$ 4,60",,0,Air Lease,São José dos Campos,EUA,8490,4074,2,"R$ 157.275,84","R$ 361.173,60","R$ 153.738,88","R$ 160.770,86","R$ 2.167.041,60","R$ 922.433,29","R$ 0,00","R$ 0,00"
Aviação Comercial,EMBRAER 175 (E175),2,2007,2008,2,11650,21810,"R$ 4,50","R$ 5,52","R$ 1,29","R$ 4,60",,0,Air Lease,São José dos Campos,EUA,8490,4074,2,"R$ 157.275,84","R$ 361.173,60","R$ 45.236,03","R$ 160.770,86","R$ 314.551,68","R$ 90.472,05","R$ 0,00","R$ 0,00"
Aviação Comercial,EMBRAER 175 (E175),1,2004,2005,2,11650,21810,"R$ 4,50","R$ 5,52","R$ 1,15","R$ 4,60",,0,Alitalia,São José dos Campos,Itália,9397,4074,2,"R$ 157.275,84","R$ 361.173,60","R$ 40.017,96","R$ 160.770,86","R$ 157.275,84","R$ 40.017,96","R$ 0,00","R$ 0,00"
Aviação Comercial,EMBRAER 175 (E175),1,2017,2018,2,11650,21810,"R$ 4,50","R$ 5,52","R$ 2,12","R$ 4,60",,0,Alitalia,São José dos Campos,Itália,9397,4074,2,"R$ 157.275,84","R$ 361.173,60","R$ 74.258,66","R$ 160.770,86","R$ 157.275,84","R$ 74.258,66","R$ 0,00","R$ 0,00"
Aviação Comercial,EMBRAER 175 (E175),57,2015,2016,2,11650,21810,"R$ 4,50","R$ 5,52","R$ 1,48","R$ 4,60",,7,American Airlines,São José dos Campos,EUA,8490,4074,2,"R$ 157.275,84","R$ 361.173,60","R$ 51.754,24","R$ 160.770,86","R$ 8.964.722,94","R$ 2.949.991,50","R$ 2.528.215,20","R$ 1.125.396,02"
Aviação Comercial,EMBRAER 175 (E175),23,2023,2023,2,11650,21810,"R$ 4,50","R$ 5,52","R$ 4,40","R$ 4,60",,0,American Airlines,São José dos Campos,EUA,8490,4074,2,"R$ 157.275,84","R$ 361.173,60","R$ 153.738,88","R$ 160.770,86","R$ 8.306.992,80","R$ 3.535.994,29","R$ 0,00","R$ 0,00"
Aviação Comercial,EMBRAER 175 (E175),16,2020,2021,2,11650,21810,"R$ 4,50","R$ 5,52","R$ 3,71","R$ 4,60",,0,American Airlines,São José dos Campos,EUA,8490,4074,2,"R$ 157.275,84","R$ 361.173,60","R$ 129.654,71","R$ 160.770,86","R$ 5.778.777,60","R$ 2.074.475,33","R$ 0,00","R$ 0,00"
Aviação Comercial,EMBRAER 175 (E175),2,2013,2014,2,11650,21810,"R$ 4,50","R$ 5,52","R$ 1,74","R$ 4,60",,0,American Airlines,São José dos Campos,EUA,8490,4074,2,"R$ 157.275,84","R$ 361.173,60","R$ 60.725,95","R$ 160.770,86","R$ 314.551,68","R$ 121.451,90","R$ 0,00","R$ 0,00"
Aviação Comercial,EMBRAER 175 (E175),2,2005,2006,2,11650,21810,"R$ 4,50","R$ 5,52","R$ 1,17","R$ 4,60",,0,American Airlines,São José dos Campos,EUA,8490,4074,2,"R$ 157.275,84","R$ 361.173,60","R$ 40.916,18","R$ 160.770,86","R$ 314.551,68","R$ 81.832,37","R$ 0,00","R$ 0,00"
Aviação Comercial,EMBRAER 175 (E175),1,2006,2007,2,11650,21810,"R$ 4,50","R$ 5,52","R$ 1,41","R$ 4,60",,0,American Airlines,São José dos Campos,EUA,8490,4074,2,"R$ 157.275,84","R$ 361.173,60","R$ 49.202,87","R$ 160.770,86","R$ 157.275,84","R$ 49.202,87","R$ 0,00","R$ 0,00"
Aviação Comercial,EMBRAER 175 (E175),1,2006,2007,2,11650,21810,"R$ 4,50","R$ 5,52","R$ 1,41","R$ 4,60",,0,Belavia,São José dos Campos,Bielorrússia,11066,4074,2,"R$ 157.275,84","R$ 361.173,60","R$ 49.202,87","R$ 160.770,86","R$ 157.275,84","R$ 49.202,87","R$ 0,00","R$ 0,00"
Aviação Comercial,EMBRAER 175 (E175),3,2005,2006,2,11650,21810,"R$ 4,50","R$ 5,52","R$ 1,17","R$ 4,60",,0,CIT,São José dos Campos,EUA,8490,4074,2,"R$ 157.275,84","R$ 361.173,60","R$ 40.916,18","R$ 160.770,86","R$ 471.827,52","R$ 122.748,55","R$ 0,00","R$ 0,00"
Aviação Comercial,EMBRAER 175 (E175),1,2006,2007,2,11650,21810,"R$ 4,50","R$ 5,52","R$ 1,41","R$ 4,60",,0,CIT,São José dos Campos,EUA,8490,4074,2,"R$ 157.275,84","R$ 361.173,60","R$ 49.202,87","R$ 160.770,86","R$ 157.275,84","R$ 49.202,87","R$ 0,00","R$ 0,00"
Aviação Comercial,EMBRAER 175 (E175),1,2022,2023,2,11650,21810,"R$ 4,50","R$ 5,52","R$ 4,40","R$ 4,60",,0,ECC Leasing,São José dos Campos,Irlanda,9254,4074,2,"R$ 157.275,84","R$ 361.173,60","R$ 153.738,88","R$ 160.770,86","R$ 361.173,60","R$ 153.738,88","R$ 0,00","R$ 0,00"
Aviação Comercial,EMBRAER 175 (E175),8,2019,2020,2,11650,21810,"R$ 4,50","R$ 5,52","R$ 2,00","R$ 4,60",,0,Flybe,São José dos Campos,Reino Unido,9614,4074,2,"R$ 157.275,84","R$ 361.173,60","R$ 69.851,44","R$ 160.770,86","R$ 2.889.388,80","R$ 558.811,55","R$ 0,00","R$ 0,00"
Aviação Comercial,EMBRAER 175 (E175),3,2009,2010,2,11650,21810,"R$ 4,50","R$ 5,52","R$ 1,20","R$ 4,60",,0,Flybe,São José dos Campos,Reino Unido,9614,4074,2,"R$ 157.275,84","R$ 361.173,60","R$ 42.045,07","R$ 160.770,86","R$ 471.827,52","R$ 126.135,22","R$ 0,00","R$ 0,00"
Aviação Comercial,EMBRAER 175 (E175),2,2018,2019,2,11650,21810,"R$ 4,50","R$ 5,52","R$ 2,35","R$ 4,60",,0,Fuji Dream,São José dos Campos,Japão,18506,4074,4,"R$ 262.126,40","R$ 601.956,00","R$ 137.022,21","R$ 267.951,43","R$ 524.252,80","R$ 274.044,42","R$ 0,00","R$ 0,00"
Aviação Comercial,EMBRAER 175 (E175),1,2023,2023,2,11650,21810,"R$ 4,50","R$ 5,52","R$ 4,40","R$ 4,60",,0,GECAS,São José dos Campos,EUA,8490,4074,2,"R$ 157.275,84","R$ 361.173,60","R$ 153.738,88","R$ 160.770,86","R$ 361.173,60","R$ 153.738,88","R$ 0,00","R$ 0,00"
Aviação Comercial,EMBRAER 175 (E175),1,2011,2012,2,11650,21810,"R$ 4,50","R$ 5,52","R$ 1,83","R$ 4,60",,0,GECAS,São José dos Campos,EUA,8490,4074,2,"R$ 157.275,84","R$ 361.173,60","R$ 63.990,30","R$ 160.770,86","R$ 157.275,84","R$ 63.990,30","R$ 0,00","R$ 0,00"
Aviação Comercial,EMBRAER 175 (E175),3,2013,2014,2,11650,21810,"R$ 4,50","R$ 5,52","R$ 1,74","R$ 4,60",,0,GECAS,São José dos Campos,EUA,8490,4074,2,"R$ 157.275,84","R$ 361.173,60","R$ 60.725,95","R$ 160.770,86","R$ 471.827,52","R$ 182.177,85","R$ 0,00","R$ 0,00"
Aviação Comercial,EMBRAER 175 (E175),37,2021,2022,2,11650,21810,"R$ 4,50","R$ 5,52","R$ 4,46","R$ 4,60",,9,Horizon Air,São José dos Campos,EUA,8490,4074,2,"R$ 157.275,84","R$ 361.173,60","R$ 155.717,06","R$ 160.770,86","R$ 13.363.423,20","R$ 5.761.531,32","R$ 3.250.562,40","R$ 1.446.937,74"
Aviação Comercial,EMBRAER 175 (E175),3,2016,2017,2,11650,21810,"R$ 4,50","R$ 5,52","R$ 1,81","R$ 4,60",,0,Horizon Air,São José dos Campos,EUA,8490,4074,2,"R$ 157.275,84","R$ 361.173,60","R$ 63.120,04","R$ 160.770,86","R$ 471.827,52","R$ 189.360,11","R$ 0,00","R$ 0,00"
Aviação Comercial,EMBRAER 175 (E175),1,2020,2021,2,11650,21810,"R$ 4,50","R$ 5,52","R$ 3,71","R$ 4,60",,0,Horizon Air,São José dos Campos,EUA,8490,4074,2,"R$ 157.275,84","R$ 361.173,60","R$ 129.654,71","R$ 160.770,86","R$ 361.173,60","R$ 129.654,71","R$ 0,00","R$ 0,00"
Aviação Comercial,EMBRAER 175 (E175),5,2006,2007,2,11650,21810,"R$ 4,50","R$ 5,52","R$ 1,41","R$ 4,60",,0,KLM,São José dos Campos,Países Baixos,9731,4074,2,"R$ 157.275,84","R$ 361.173,60","R$ 49.202,87","R$ 160.770,86","R$ 786.379,21","R$ 246.014,37","R$ 0,00","R$ 0,00"
Aviação Comercial,EMBRAER 175 (E175),9,2023,2023,2,11650,21810,"R$ 4,50","R$ 5,52","R$ 4,40","R$ 4,60",,0,KLM,São José dos Campos,Países Baixos,9731,4074,2,"R$ 157.275,84","R$ 361.173,60","R$ 153.738,88","R$ 160.770,86","R$ 3.250.562,40","R$ 1.383.649,94","R$ 0,00","R$ 0,00"
Aviação Comercial,EMBRAER 175 (E175),1,2004,2005,2,11650,21810,"R$ 4,50","R$ 5,52","R$ 1,15","R$ 4,60",,0,KLM,São José dos Campos,Países Baixos,9731,4074,2,"R$ 157.275,84","R$ 361.173,60","R$ 40.017,96","R$ 160.770,86","R$ 157.275,84","R$ 40.017,96","R$ 0,00","R$ 0,00"
Aviação Comercial,EMBRAER 175 (E175),2,2013,2014,2,11650,21810,"R$ 4,50","R$ 5,52","R$ 1,74","R$ 4,60",,0,KLM,São José dos Campos,Países Baixos,9731,4074,2,"R$ 157.275,84","R$ 361.173,60","R$ 60.725,95","R$ 160.770,86","R$ 314.551,68","R$ 121.451,90","R$ 0,00","R$ 0,00"
Aviação Comercial,EMBRAER 175 (E175),2,2004,2005,2,11650,21810,"R$ 4,50","R$ 5,52","R$ 1,15","R$ 4,60",,0,LOT Polish,São José dos Campos,Polônia,10454,4074,2,"R$ 157.275,84","R$ 361.173,60","R$ 40.017,96","R$ 160.770,86","R$ 314.551,68","R$ 80.035,93","R$ 0,00","R$ 0,00"
Aviação Comercial,EMBRAER 175 (E175),7,2007,2008,2,11650,21810,"R$ 4,50","R$ 5,52","R$ 1,29","R$ 4,60",,0,LOT Polish,São José dos Campos,Polônia,10454,4074,2,"R$ 157.275,84","R$ 361.173,60","R$ 45.236,03","R$ 160.770,86","R$ 1.100.930,89","R$ 316.652,19","R$ 0,00","R$ 0,00"
Aviação Comercial,EMBRAER 175 (E175),2,2004,2005,2,11650,21810,"R$ 4,50","R$ 5,52","R$ 1,15","R$ 4,60",,0,LOT Polish,São José dos Campos,Polônia,10454,4074,2,"R$ 157.275,84","R$ 361.173,60","R$ 40.017,96","R$ 160.770,86","R$ 314.551,68","R$ 80.035,93","R$ 0,00","R$ 0,00"
Aviação Comercial,EMBRAER 175 (E175),1,2008,2009,2,11650,21810,"R$ 4,50","R$ 5,52","R$ 1,05","R$ 4,60",,0,LOT Polish,São José dos Campos,Polônia,10454,4074,2,"R$ 157.275,84","R$ 361.173,60","R$ 36.806,04","R$ 160.770,86","R$ 157.275,84","R$ 36.806,04","R$ 0,00","R$ 0,00"
Aviação Comercial,EMBRAER 175 (E175),2,2019,2020,2,11650,21810,"R$ 4,50","R$ 5,52","R$ 2,00","R$ 4,60",,0,Mauritânia Airlines,São José dos Campos,Mauritânia,6203,4074,1,"R$ 104.850,56","R$ 240.782,40","R$ 46.567,63","R$ 107.180,57","R$ 481.564,80","R$ 93.135,26","R$ 0,00","R$ 0,00"
Aviação Comercial,EMBRAER 175 (E175),4,2016,2017,2,11650,21810,"R$ 4,50","R$ 5,52","R$ 1,81","R$ 4,60",,0,Mesa,São José dos Campos,EUA,8490,4074,2,"R$ 157.275,84","R$ 361.173,60","R$ 63.120,04","R$ 160.770,86","R$ 629.103,36","R$ 252.480,15","R$ 0,00","R$ 0,00"
Aviação Comercial,EMBRAER 175 (E175),2,2015,2016,2,11650,21810,"R$ 4,50","R$ 5,52","R$ 1,48","R$ 4,60",,0,Mesa,São José dos Campos,EUA,8490,4074,2,"R$ 157.275,84","R$ 361.173,60","R$ 51.754,24","R$ 160.770,86","R$ 314.551,68","R$ 103.508,47","R$ 0,00","R$ 0,00"
Aviação Comercial,EMBRAER 175 (E175),1,2014,2015,2,11650,21810,"R$ 4,50","R$ 5,52","R$ 1,60","R$ 4,60",,0,Mesa,São José dos Campos,EUA,8490,4074,2,"R$ 157.275,84","R$ 361.173,60","R$ 55.969,23","R$ 160.770,86","R$ 157.275,84","R$ 55.969,23","R$ 0,00","R$ 0,00"
Aviação Comercial,EMBRAER 175 (E175),1,2013,2014,2,11650,21810,"R$ 4,50","R$ 5,52","R$ 1,74","R$ 4,60",,0,NAC / Aldus,São José dos Campos,Irlanda,9254,4074,2,"R$ 157.275,84","R$ 361.173,60","R$ 60.725,95","R$ 160.770,86","R$ 157.275,84","R$ 60.725,95","R$ 0,00","R$ 0,00"
Aviação Comercial,EMBRAER 175 (E175),1,2016,2017,2,11650,21810,"R$ 4,50","R$ 5,52","R$ 1,81","R$ 4,60",,0,NAC / Aldus,São José dos Campos,Irlanda,9254,4074,2,"R$ 157.275,84","R$ 361.173,60","R$ 63.120,04","R$ 160.770,86","R$ 157.275,84","R$ 63.120,04","R$ 0,00","R$ 0,00"
Aviação Comercial,EMBRAER 175 (E175),2,2017,2018,2,11650,21810,"R$ 4,50","R$ 5,52","R$ 2,12","R$ 4,60",,0,NAC / Jetscape,São José dos Campos,EUA,8490,4074,2,"R$ 157.275,84","R$ 361.173,60","R$ 74.258,66","R$ 160.770,86","R$ 314.551,68","R$ 148.517,32","R$ 0,00","R$ 0,00"
Aviação Comercial,EMBRAER 175 (E175),1,2012,2013,2,11650,21810,"R$ 4,50","R$ 5,52","R$ 1,97","R$ 4,60",,0,NAC / Jetscape,São José dos Campos,EUA,8490,4074,2,"R$ 157.275,84","R$ 361.173,60","R$ 68.946,23","R$ 160.770,86","R$ 157.275,84","R$ 68.946,23","R$ 0,00","R$ 0,00"
Aviação Comercial,EMBRAER 175 (E175),1,2015,2016,2,11650,21810,"R$ 4,50","R$ 5,52","R$ 1,48","R$ 4,60",,0,NAC / Jetscape,São José dos Campos,EUA,8490,4074,2,"R$ 157.275,84","R$ 361.173,60","R$ 51.754,24","R$ 160.770,86","R$ 157.275,84","R$ 51.754,24","R$ 0,00","R$ 0,00"
Aviação Comercial,EMBRAER 175 (E175),2,2004,2005,2,11650,21810,"R$ 4,50","R$ 5,52","R$ 1,15","R$ 4,60",,0,Northwest,São José dos Campos,EUA,8490,4074,2,"R$ 157.275,84","R$ 361.173,60","R$ 40.017,96","R$ 160.770,86","R$ 314.551,68","R$ 80.035,93","R$ 0,00","R$ 0,00"
Aviação Comercial,EMBRAER 175 (E175),24,2020,2021,2,11650,21810,"R$ 4,50","R$ 5,52","R$ 3,71","R$ 4,60",,0,Northwest,São José dos Campos,EUA,8490,4074,2,"R$ 157.275,84","R$ 361.173,60","R$ 129.654,71","R$ 160.770,86","R$ 8.668.166,40","R$ 3.111.713,00","R$ 0,00","R$ 0,00"
Aviação Comercial,EMBRAER 175 (E175),5,2004,2005,2,11650,21810,"R$ 4,50","R$ 5,52","R$ 1,15","R$ 4,60",,0,Northwest,São José dos Campos,EUA,8490,4074,2,"R$ 157.275,84","R$ 361.173,60","R$ 40.017,96","R$ 160.770,86","R$ 786.379,21","R$ 200.089,82","R$ 0,00","R$ 0,00"
Aviação Comercial,EMBRAER 175 (E175),4,2007,2008,2,11650,21810,"R$ 4,50","R$ 5,52","R$ 1,29","R$ 4,60",,0,Northwest,São José dos Campos,EUA,8490,4074,2,"R$ 157.275,84","R$ 361.173,60","R$ 45.236,03","R$ 160.770,86","R$ 629.103,36","R$ 180.944,11","R$ 0,00","R$ 0,00"
Aviação Comercial,EMBRAER 175 (E175),1,2013,2014,2,11650,21810,"R$ 4,50","R$ 5,52","R$ 1,74","R$ 4,60",,0,Northwest,São José dos Campos,EUA,8490,4074,2,"R$ 157.275,84","R$ 361.173,60","R$ 60.725,95","R$ 160.770,86","R$ 157.275,84","R$ 60.725,95","R$ 0,00","R$ 0,00"
Aviação Comercial,EMBRAER 175 (E175),1,2015,2016,2,11650,21810,"R$ 4,50","R$ 5,52","R$ 1,48","R$ 4,60",,0,Oman Air,São José dos Campos,Omã,12076,4074,2,"R$ 157.275,84","R$ 361.173,60","R$ 51.754,24","R$ 160.770,86","R$ 157.275,84","R$ 51.754,24","R$ 0,00","R$ 0,00"
Aviação Comercial,EMBRAER 175 (E175),2,2005,2006,2,11650,21810,"R$ 4,50","R$ 5,52","R$ 1,17","R$ 4,60",,0,Oman Air,São José dos Campos,Omã,12076,4074,2,"R$ 157.275,84","R$ 361.173,60","R$ 40.916,18","R$ 160.770,86","R$ 314.551,68","R$ 81.832,37","R$ 0,00","R$ 0,00"
Aviação Comercial,EMBRAER 175 (E175),1,2023,2023,2,11650,21810,"R$ 4,50","R$ 5,52","R$ 4,40","R$ 4,60",,0,Oman Air,São José dos Campos,Omã,12076,4074,2,"R$ 157.275,84","R$ 361.173,60","R$ 153.738,88","R$ 160.770,86","R$ 361.173,60","R$ 153.738,88","R$ 0,00","R$ 0,00"
Aviação Comercial,EMBRAER 175 (E175),1,2009,2010,2,11650,21810,"R$ 4,50","R$ 5,52","R$ 1,20","R$ 4,60",,0,Oman Air,São José dos Campos,Omã,12076,4074,2,"R$ 157.275,84","R$ 361.173,60","R$ 42.045,07","R$ 160.770,86","R$ 157.275,84","R$ 42.045,07","R$ 0,00","R$ 0,00"
Aviação Comercial,EMBRAER 175 (E175),1,2010,2011,2,11650,21810,"R$ 4,50","R$ 5,52","R$ 1,61","R$ 4,60",,2,Overland Airways,São José dos Campos,Nigéria,6930,4074,1,"R$ 104.850,56","R$ 240.782,40","R$ 37.545,82","R$ 107.180,57","R$ 104.850,56","R$ 37.545,82","R$ 481.564,80","R$ 214.361,15"
Aviação Comercial,EMBRAER 175 (E175),128,2006,2007,2,11650,21810,"R$ 4,50","R$ 5,52","R$ 1,41","R$ 4,60",,51,Republic Airlines,São José dos Campos,EUA,8490,4074,2,"R$ 157.275,84","R$ 361.173,60","R$ 49.202,87","R$ 160.770,86","R$ 20.131.307,65","R$ 6.297.967,76","R$ 18.419.853,60","R$ 8.199.313,85"
Aviação Comercial,EMBRAER 175 (E175),7,2020,2021,2,11650,21810,"R$ 4,50","R$ 5,52","R$ 3,71","R$ 4,60",,0,Republic Airlines,São José dos Campos,EUA,8490,4074,2,"R$ 157.275,84","R$ 361.173,60","R$ 129.654,71","R$ 160.770,86","R$ 2.528.215,20","R$ 907.582,96","R$ 0,00","R$ 0,00"
Aviação Comercial,EMBRAER 175 (E175),1,2021,2022,2,11650,21810,"R$ 4,50","R$ 5,52","R$ 4,46","R$ 4,60",,0,Republic Airlines,São José dos Campos,EUA,8490,4074,2,"R$ 157.275,84","R$ 361.173,60","R$ 155.717,06","R$ 160.770,86","R$ 361.173,60","R$ 155.717,06","R$ 0,00","R$ 0,00"
Aviação Comercial,EMBRAER 175 (E175),1,2009,2010,2,11650,21810,"R$ 4,50","R$ 5,52","R$ 1,20","R$ 4,60",,0,Royal Jordanian,São José dos Campos,Jordânia,10590,4074,2,"R$ 157.275,84","R$ 361.173,60","R$ 42.045,07","R$ 160.770,86","R$ 157.275,84","R$ 42.045,07","R$ 0,00","R$ 0,00"
Aviação Comercial,EMBRAER 175 (E175),1,2018,2019,2,11650,21810,"R$ 4,50","R$ 5,52","R$ 2,35","R$ 4,60",,0,Royal Jordanian,São José dos Campos,Jordânia,10590,4074,2,"R$ 157.275,84","R$ 361.173,60","R$ 82.213,32","R$ 160.770,86","R$ 157.275,84","R$ 82.213,32","R$ 0,00","R$ 0,00"
Aviação Comercial,EMBRAER 175 (E175),36,2006,2007,2,11650,21810,"R$ 4,50","R$ 5,52","R$ 1,41","R$ 4,60",,23,Skywest,São José dos Campos,EUA,8490,4074,2,"R$ 157.275,84","R$ 361.173,60","R$ 49.202,87","R$ 160.770,86","R$ 5.661.930,28","R$ 1.771.303,43","R$ 8.306.992,80","R$ 3.697.729,77"
Aviação Comercial,EMBRAER 175 (E175),52,2005,2006,2,11650,21810,"R$ 4,50","R$ 5,52","R$ 1,17","R$ 4,60",,0,Skywest,São José dos Campos,EUA,8490,4074,2,"R$ 157.275,84","R$ 361.173,60","R$ 40.916,18","R$ 160.770,86","R$ 8.178.343,73","R$ 2.127.641,56","R$ 0,00","R$ 0,00"
Aviação Comercial,EMBRAER 175 (E175),103,2020,2021,2,11650,21810,"R$ 4,50","R$ 5,52","R$ 3,71","R$ 4,60",,0,Skywest,São José dos Campos,EUA,8490,4074,2,"R$ 157.275,84","R$ 361.173,60","R$ 129.654,71","R$ 160.770,86","R$ 37.200.880,80","R$ 13.354.434,96","R$ 0,00","R$ 0,00"
Aviação Comercial,EMBRAER 175 (E175),1,2009,2010,2,11650,21810,"R$ 4,50","R$ 5,52","R$ 1,20","R$ 4,60",,0,Skywest,São José dos Campos,EUA,8490,4074,2,"R$ 157.275,84","R$ 361.173,60","R$ 42.045,07","R$ 160.770,86","R$ 157.275,84","R$ 42.045,07","R$ 0,00","R$ 0,00"
Aviação Comercial,EMBRAER 175 (E175),3,2018,2019,2,11650,21810,"R$ 4,50","R$ 5,52","R$ 2,35","R$ 4,60",,0,Skywest,São José dos Campos,EUA,8490,4074,2,"R$ 157.275,84","R$ 361.173,60","R$ 82.213,32","R$ 160.770,86","R$ 471.827,52","R$ 246.639,97","R$ 0,00","R$ 0,00"
Aviação Comercial,EMBRAER 175 (E175),3,2018,2019,2,11650,21810,"R$ 4,50","R$ 5,52","R$ 2,35","R$ 4,60",,0,Skywest,São José dos Campos,EUA,8490,4074,2,"R$ 157.275,84","R$ 361.173,60","R$ 82.213,32","R$ 160.770,86","R$ 471.827,52","R$ 246.639,97","R$ 0,00","R$ 0,00"
Aviação Comercial,EMBRAER 175 (E175),5,2008,2009,2,11650,21810,"R$ 4,50","R$ 5,52","R$ 1,05","R$ 4,60",,0,Skywest,São José dos Campos,EUA,8490,4074,2,"R$ 157.275,84","R$ 361.173,60","R$ 36.806,04","R$ 160.770,86","R$ 786.379,21","R$ 184.030,21","R$ 0,00","R$ 0,00"
Aviação Comercial,EMBRAER 175 (E175),1,2016,2017,2,11650,21810,"R$ 4,50","R$ 5,52","R$ 1,81","R$ 4,60",,0,Skywest,São José dos Campos,EUA,8490,4074,2,"R$ 157.275,84","R$ 361.173,60","R$ 63.120,04","R$ 160.770,86","R$ 157.275,84","R$ 63.120,04","R$ 0,00","R$ 0,00"
Aviação Comercial,EMBRAER 175 (E175),1,2005,2006,2,11650,21810,"R$ 4,50","R$ 5,52","R$ 1,17","R$ 4,60",,0,Skywest,São José dos Campos,EUA,8490,4074,2,"R$ 157.275,84","R$ 361.173,60","R$ 40.916,18","R$ 160.770,86","R$ 157.275,84","R$ 40.916,18","R$ 0,00","R$ 0,00"
Aviação Comercial,EMBRAER 175 (E175),5,2008,2009,2,11650,21810,"R$ 4,50","R$ 5,52","R$ 1,05","R$ 4,60",,0,Suzuyo,São José dos Campos,Japão,18506,4074,4,"R$ 262.126,40","R$ 601.956,00","R$ 61.343,40","R$ 267.951,43","R$ 1.310.632,01","R$ 306.717,02","R$ 0,00","R$ 0,00"
Aviação Comercial,EMBRAER 175 (E175),1,2022,2023,2,11650,21810,"R$ 4,50","R$ 5,52","R$ 4,40","R$ 4,60",,0,Suzuyo,São José dos Campos,Japão,18506,4074,4,"R$ 262.126,40","R$ 601.956,00","R$ 256.231,47","R$ 267.951,43","R$ 601.956,00","R$ 256.231,47","R$ 0,00","R$ 0,00"
Aviação Comercial,EMBRAER 175 (E175),4,2006,2007,2,11650,21810,"R$ 4,50","R$ 5,52","R$ 1,41","R$ 4,60",,0,Suzuyo,São José dos Campos,Japão,18506,4074,4,"R$ 262.126,40","R$ 601.956,00","R$ 82.004,79","R$ 267.951,43","R$ 1.048.505,61","R$ 328.019,15","R$ 0,00","R$ 0,00"
Aviação Comercial,EMBRAER 175 (E175),1,2017,2018,2,11650,21810,"R$ 4,50","R$ 5,52","R$ 2,12","R$ 4,60",,0,Suzuyo,São José dos Campos,Japão,18506,4074,4,"R$ 262.126,40","R$ 601.956,00","R$ 123.764,44","R$ 267.951,43","R$ 262.126,40","R$ 123.764,44","R$ 0,00","R$ 0,00"
Aviação Comercial,EMBRAER 175 (E175),2,2014,2015,2,11650,21810,"R$ 4,50","R$ 5,52","R$ 1,60","R$ 4,60",,0,TRIP,São José dos Campos,Brasil,124,4074,0,"R$ 52.425,28","R$ 120.391,20","R$ 18.656,41","R$ 53.590,29","R$ 104.850,56","R$ 37.312,82","R$ 0,00","R$ 0,00"
Aviação Comercial,EMBRAER 175 (E175),3,2013,2014,2,11650,21810,"R$ 4,50","R$ 5,52","R$ 1,74","R$ 4,60",,0,TRIP,São José dos Campos,Brasil,124,4074,0,"R$ 52.425,28","R$ 120.391,20","R$ 20.241,98","R$ 53.590,29","R$ 157.275,84","R$ 60.725,95","R$ 0,00","R$ 0,00"
Aviação Comercial,EMBRAER 175 (E175),8,2013,2014,2,11650,21810,"R$ 4,50","R$ 5,52","R$ 1,74","R$ 4,60",,0,United Airlines,São José dos Campos,EUA,8490,4074,2,"R$ 157.275,84","R$ 361.173,60","R$ 60.725,95","R$ 160.770,86","R$ 1.258.206,73","R$ 485.807,60","R$ 0,00","R$ 0,00"
Aviação Comercial,EMBRAER 175 (E175),80,2007,2008,2,11650,21810,"R$ 4,50","R$ 5,52","R$ 1,29","R$ 4,60",,0,United Airlines,São José dos Campos,EUA,8490,4074,2,"R$ 157.275,84","R$ 361.173,60","R$ 45.236,03","R$ 160.770,86","R$ 12.582.067,28","R$ 3.618.882,15","R$ 0,00","R$ 0,00"
Aviação Comercial,EMBRAER 175 (E175),9,2015,2016,2,11650,21810,"R$ 4,50","R$ 5,52","R$ 1,48","R$ 4,60",,0,United Airlines,São José dos Campos,EUA,8490,4074,2,"R$ 157.275,84","R$ 361.173,60","R$ 51.754,24","R$ 160.770,86","R$ 1.415.482,57","R$ 465.788,13","R$ 0,00","R$ 0,00"
Aviação Comercial,EMBRAER 175 (E175),5,2016,2017,2,11650,21810,"R$ 4,50","R$ 5,52","R$ 1,81","R$ 4,60",,0,United Airlines,São José dos Campos,EUA,8490,4074,2,"R$ 157.275,84","R$ 361.173,60","R$ 63.120,04","R$ 160.770,86","R$ 786.379,21","R$ 315.600,19","R$ 0,00","R$ 0,00"
Aviação Comercial,EMBRAER 175 (E175),3,2015,2016,2,11650,21810,"R$ 4,50","R$ 5,52","R$ 1,48","R$ 4,60",,0,United Airlines,São José dos Campos,EUA,8490,4074,2,"R$ 157.275,84","R$ 361.173,60","R$ 51.754,24","R$ 160.770,86","R$ 471.827,52","R$ 155.262,71","R$ 0,00","R$ 0,00"
Aviação Comercial,EMBRAER 175 (E175),5,2006,2007,2,11650,21810,"R$ 4,50","R$ 5,52","R$ 1,41","R$ 4,60",,0,United Airlines,São José dos Campos,EUA,8490,4074,2,"R$ 157.275,84","R$ 361.173,60","R$ 49.202,87","R$ 160.770,86","R$ 786.379,21","R$ 246.014,37","R$ 0,00","R$ 0,00"
Aviação Comercial,EMBRAER 190 (E190),1,2010,2011,2,16153,28080,"R$ 4,50","R$ 5,52","R$ 1,61","R$ 4,60",,0,Aero Republica,São José dos Campos,Colômbia,4362,4537,0,"R$ 72.689,29","R$ 155.001,60","R$ 26.029,23","R$ 74.304,61","R$ 72.689,29","R$ 26.029,23","R$ 0,00","R$ 0,00"
Aviação Comercial,EMBRAER 190 (E190),1,2006,2007,2,16153,28080,"R$ 4,50","R$ 5,52","R$ 1,41","R$ 4,60",,0,Aero Republica,São José dos Campos,Colômbia,4362,4537,0,"R$ 72.689,29","R$ 155.001,60","R$ 22.740,44","R$ 74.304,61","R$ 72.689,29","R$ 22.740,44","R$ 0,00","R$ 0,00"
Aviação Comercial,EMBRAER 190 (E190),3,2022,2023,2,16153,28080,"R$ 4,50","R$ 5,52","R$ 4,40","R$ 4,60",,0,Aero Republica,São José dos Campos,Colômbia,4362,4537,0,"R$ 72.689,29","R$ 155.001,60","R$ 71.054,59","R$ 74.304,61","R$ 465.004,80","R$ 213.163,77","R$ 0,00","R$ 0,00"
Aviação Comercial,EMBRAER 190 (E190),2,2007,2008,2,16153,28080,"R$ 4,50","R$ 5,52","R$ 1,29","R$ 4,60",,0,Aeromexico,São José dos Campos,México,8030,4537,1,"R$ 145.378,58","R$ 310.003,20","R$ 41.814,11","R$ 148.609,22","R$ 290.757,16","R$ 83.628,22","R$ 0,00","R$ 0,00"
Aviação Comercial,EMBRAER 190 (E190),1,2013,2014,2,16153,28080,"R$ 4,50","R$ 5,52","R$ 1,74","R$ 4,60",,0,Aeromexico,São José dos Campos,México,8030,4537,1,"R$ 145.378,58","R$ 310.003,20","R$ 56.132,29","R$ 148.609,22","R$ 145.378,58","R$ 56.132,29","R$ 0,00","R$ 0,00"
Aviação Comercial,EMBRAER 190 (E190),8,2017,2018,2,16153,28080,"R$ 4,50","R$ 5,52","R$ 2,12","R$ 4,60",,0,Aeromexico,São José dos Campos,México,8030,4537,1,"R$ 145.378,58","R$ 310.003,20","R$ 68.641,30","R$ 148.609,22","R$ 1.163.028,64","R$ 549.130,44","R$ 0,00","R$ 0,00"
Aviação Comercial,EMBRAER 190 (E190),1,2018,2019,2,16153,28080,"R$ 4,50","R$ 5,52","R$ 2,35","R$ 4,60",,0,Aeromexico,São José dos Campos,México,8030,4537,1,"R$ 145.378,58","R$ 310.003,20","R$ 75.994,23","R$ 148.609,22","R$ 145.378,58","R$ 75.994,23","R$ 0,00","R$ 0,00"
Aviação Comercial,EMBRAER 190 (E190),1,2010,2011,2,16153,28080,"R$ 4,50","R$ 5,52","R$ 1,61","R$ 4,60",,0,Air Astana,São José dos Campos,Cazaquistão,13569,4537,2,"R$ 218.067,87","R$ 465.004,80","R$ 78.087,68","R$ 222.913,82","R$ 218.067,87","R$ 78.087,68","R$ 0,00","R$ 0,00"
Aviação Comercial,EMBRAER 190 (E190),1,2020,2021,2,16153,28080,"R$ 4,50","R$ 5,52","R$ 3,71","R$ 4,60",,0,Air Astana,São José dos Campos,Cazaquistão,13569,4537,2,"R$ 218.067,87","R$ 465.004,80","R$ 179.770,31","R$ 222.913,82","R$ 465.004,80","R$ 179.770,31","R$ 0,00","R$ 0,00"
Aviação Comercial,EMBRAER 190 (E190),7,2008,2009,2,16153,28080,"R$ 4,50","R$ 5,52","R$ 1,05","R$ 4,60",,0,Air Canada,São José dos Campos,Canadá,10478,4537,2,"R$ 218.067,87","R$ 465.004,80","R$ 51.032,73","R$ 222.913,82","R$ 1.526.475,09","R$ 357.229,09","R$ 0,00","R$ 0,00"
Aviação Comercial,EMBRAER 190 (E190),26,2004,2005,2,16153,28080,"R$ 4,50","R$ 5,52","R$ 1,15","R$ 4,60",,0,Air Canada,São José dos Campos,Canadá,10478,4537,2,"R$ 218.067,87","R$ 465.004,80","R$ 55.486,16","R$ 222.913,82","R$ 5.669.764,64","R$ 1.442.640,11","R$ 0,00","R$ 0,00"
Aviação Comercial,EMBRAER 190 (E190),4,2016,2017,2,16153,28080,"R$ 4,50","R$ 5,52","R$ 1,81","R$ 4,60",,0,Air Canada,São José dos Campos,Canadá,10478,4537,2,"R$ 218.067,87","R$ 465.004,80","R$ 87.517,91","R$ 222.913,82","R$ 872.271,48","R$ 350.071,62","R$ 0,00","R$ 0,00"
Aviação Comercial,EMBRAER 190 (E190),5,2019,2020,2,16153,28080,"R$ 4,50","R$ 5,52","R$ 2,00","R$ 4,60",,0,Air Canada,São José dos Campos,Canadá,10478,4537,2,"R$ 218.067,87","R$ 465.004,80","R$ 96.851,21","R$ 222.913,82","R$ 2.325.024,00","R$ 484.256,05","R$ 0,00","R$ 0,00"
Aviação Comercial,EMBRAER 190 (E190),2,2023,2023,2,16153,28080,"R$ 4,50","R$ 5,52","R$ 4,40","R$ 4,60",,0,Air Canada,São José dos Campos,Canadá,10478,4537,2,"R$ 218.067,87","R$ 465.004,80","R$ 213.163,77","R$ 222.913,82","R$ 930.009,60","R$ 426.327,53","R$ 0,00","R$ 0,00"
Aviação Comercial,EMBRAER 190 (E190),1,2012,2013,2,16153,28080,"R$ 4,50","R$ 5,52","R$ 1,97","R$ 4,60",,0,Air Canada,São José dos Campos,Canadá,10478,4537,2,"R$ 218.067,87","R$ 465.004,80","R$ 95.596,11","R$ 222.913,82","R$ 218.067,87","R$ 95.596,11","R$ 0,00","R$ 0,00"
Aviação Comercial,EMBRAER 190 (E190),1,2016,2017,2,16153,28080,"R$ 4,50","R$ 5,52","R$ 1,81","R$ 4,60",,0,Air Caraibes,São José dos Campos,Guadalupe,4706,4537,1,"R$ 145.378,58","R$ 310.003,20","R$ 58.345,27","R$ 148.609,22","R$ 145.378,58","R$ 58.345,27","R$ 0,00","R$ 0,00"
Aviação Comercial,EMBRAER 190 (E190),16,2016,2017,2,16153,28080,"R$ 4,50","R$ 5,52","R$ 1,81","R$ 4,60",,0,Air Lease,São José dos Campos,EUA,8490,4537,1,"R$ 145.378,58","R$ 310.003,20","R$ 58.345,27","R$ 148.609,22","R$ 2.326.057,29","R$ 933.524,32","R$ 0,00","R$ 0,00"
Aviação Comercial,EMBRAER 190 (E190),1,2011,2012,2,16153,28080,"R$ 4,50","R$ 5,52","R$ 1,83","R$ 4,60",,0,Air Lease,São José dos Campos,EUA,8490,4537,1,"R$ 145.378,58","R$ 310.003,20","R$ 59.149,70","R$ 148.609,22","R$ 145.378,58","R$ 59.149,70","R$ 0,00","R$ 0,00"
Aviação Comercial,EMBRAER 190 (E190),5,2021,2022,2,16153,28080,"R$ 4,50","R$ 5,52","R$ 4,46","R$ 4,60",,0,Air Lease,São José dos Campos,EUA,8490,4537,1,"R$ 145.378,58","R$ 310.003,20","R$ 143.937,72","R$ 148.609,22","R$ 1.550.016,00","R$ 719.688,59","R$ 0,00","R$ 0,00"
Aviação Comercial,EMBRAER 190 (E190),1,2006,2007,2,16153,28080,"R$ 4,50","R$ 5,52","R$ 1,41","R$ 4,60",,0,Air Lease,São José dos Campos,EUA,8490,4537,1,"R$ 145.378,58","R$ 310.003,20","R$ 45.480,88","R$ 148.609,22","R$ 145.378,58","R$ 45.480,88","R$ 0,00","R$ 0,00"
Aviação Comercial,EMBRAER 190 (E190),1,2018,2019,2,16153,28080,"R$ 4,50","R$ 5,52","R$ 2,35","R$ 4,60",,0,Air Moldova,São José dos Campos,Moldávia,10777,4537,2,"R$ 218.067,87","R$ 465.004,80","R$ 113.991,34","R$ 222.913,82","R$ 218.067,87","R$ 113.991,34","R$ 0,00","R$ 0,00"
Aviação Comercial,EMBRAER 190 (E190),1,2022,2023,2,16153,28080,"R$ 4,50","R$ 5,52","R$ 4,40","R$ 4,60",,0,Augsburg,São José dos Campos,Alemanha,9923,4537,2,"R$ 218.067,87","R$ 465.004,80","R$ 213.163,77","R$ 222.913,82","R$ 465.004,80","R$ 213.163,77","R$ 0,00","R$ 0,00"
Aviação Comercial,EMBRAER 190 (E190),1,2023,2023,2,16153,28080,"R$ 4,50","R$ 5,52","R$ 4,40","R$ 4,60",,0,Augsburg,São José dos Campos,Alemanha,9923,4537,2,"R$ 218.067,87","R$ 465.004,80","R$ 213.163,77","R$ 222.913,82","R$ 465.004,80","R$ 213.163,77","R$ 0,00","R$ 0,00"
Aviação Comercial,EMBRAER 190 (E190),14,2012,2013,2,16153,28080,"R$ 4,50","R$ 5,52","R$ 1,97","R$ 4,60",,0,Austral,São José dos Campos,Argentina,2386,4537,0,"R$ 72.689,29","R$ 155.001,60","R$ 31.865,37","R$ 74.304,61","R$ 1.017.650,06","R$ 446.115,17","R$ 0,00","R$ 0,00"
Aviação Comercial,EMBRAER 190 (E190),8,2007,2008,2,16153,28080,"R$ 4,50","R$ 5,52","R$ 1,29","R$ 4,60",,0,Austral,São José dos Campos,Argentina,2386,4537,0,"R$ 72.689,29","R$ 155.001,60","R$ 20.907,06","R$ 74.304,61","R$ 581.514,32","R$ 167.256,44","R$ 0,00","R$ 0,00"
Aviação Comercial,EMBRAER 190 (E190),1,2008,2009,2,16153,28080,"R$ 4,50","R$ 5,52","R$ 1,05","R$ 4,60",,0,AZAL,São José dos Campos,Azerbaijão,11919,4537,2,"R$ 218.067,87","R$ 465.004,80","R$ 51.032,73","R$ 222.913,82","R$ 218.067,87","R$ 51.032,73","R$ 0,00","R$ 0,00"
Aviação Comercial,EMBRAER 190 (E190),3,2019,2020,2,16153,28080,"R$ 4,50","R$ 5,52","R$ 2,00","R$ 4,60",,0,AZAL,São José dos Campos,Azerbaijão,11919,4537,2,"R$ 218.067,87","R$ 465.004,80","R$ 96.851,21","R$ 222.913,82","R$ 1.395.014,40","R$ 290.553,63","R$ 0,00","R$ 0,00"
Aviação Comercial,EMBRAER 190 (E190),1,2014,2015,2,16153,28080,"R$ 4,50","R$ 5,52","R$ 1,60","R$ 4,60",,0,Azul,São José dos Campos,Brasil,124,4537,0,"R$ 72.689,29","R$ 155.001,60","R$ 25.867,70","R$ 74.304,61","R$ 72.689,29","R$ 25.867,70","R$ 0,00","R$ 0,00"
Aviação Comercial,EMBRAER 190 (E190),2,2007,2008,2,16153,28080,"R$ 4,50","R$ 5,52","R$ 1,29","R$ 4,60",,0,Azul,São José dos Campos,Brasil,124,4537,0,"R$ 72.689,29","R$ 155.001,60","R$ 20.907,06","R$ 74.304,61","R$ 145.378,58","R$ 41.814,11","R$ 0,00","R$ 0,00"
Aviação Comercial,EMBRAER 190 (E190),2,2012,2013,2,16153,28080,"R$ 4,50","R$ 5,52","R$ 1,97","R$ 4,60",,0,Azul,São José dos Campos,Brasil,124,4537,0,"R$ 72.689,29","R$ 155.001,60","R$ 31.865,37","R$ 74.304,61","R$ 145.378,58","R$ 63.730,74","R$ 0,00","R$ 0,00"
Aviação Comercial,EMBRAER 190 (E190),4,2023,2023,2,16153,28080,"R$ 4,50","R$ 5,52","R$ 4,40","R$ 4,60",,0,BA CityFlyer,São José dos Campos,Reino Unido,9614,4537,2,"R$ 218.067,87","R$ 465.004,80","R$ 213.163,77","R$ 222.913,82","R$ 1.860.019,20","R$ 852.655,07","R$ 0,00","R$ 0,00"
Aviação Comercial,EMBRAER 190 (E190),1,2022,2023,2,16153,28080,"R$ 4,50","R$ 5,52","R$ 4,40","R$ 4,60",,0,BA CityFlyer,São José dos Campos,Reino Unido,9614,4537,2,"R$ 218.067,87","R$ 465.004,80","R$ 213.163,77","R$ 222.913,82","R$ 465.004,80","R$ 213.163,77","R$ 0,00","R$ 0,00"
Aviação Comercial,EMBRAER 190 (E190),3,2004,2005,2,16153,28080,"R$ 4,50","R$ 5,52","R$ 1,15","R$ 4,60",,0,BA CityFlyer,São José dos Campos,Reino Unido,9614,4537,2,"R$ 218.067,87","R$ 465.004,80","R$ 55.486,16","R$ 222.913,82","R$ 654.203,61","R$ 166.458,47","R$ 0,00","R$ 0,00"
Aviação Comercial,EMBRAER 190 (E190),1,2014,2015,2,16153,28080,"R$ 4,50","R$ 5,52","R$ 1,60","R$ 4,60",,0,BA CityFlyer,São José dos Campos,Reino Unido,9614,4537,2,"R$ 218.067,87","R$ 465.004,80","R$ 77.603,09","R$ 222.913,82","R$ 218.067,87","R$ 77.603,09","R$ 0,00","R$ 0,00"
Aviação Comercial,EMBRAER 190 (E190),2,2020,2021,2,16153,28080,"R$ 4,50","R$ 5,52","R$ 3,71","R$ 4,60",,0,BOC Aviation,São José dos Campos,Singapura,15933,4537,3,"R$ 290.757,16","R$ 620.006,40","R$ 239.693,74","R$ 297.218,43","R$ 1.240.012,80","R$ 479.387,48","R$ 0,00","R$ 0,00"
Aviação Comercial,EMBRAER 190 (E190),6,2006,2007,2,16153,28080,"R$ 4,50","R$ 5,52","R$ 1,41","R$ 4,60",,0,BOC Aviation,São José dos Campos,Singapura,15933,4537,3,"R$ 290.757,16","R$ 620.006,40","R$ 90.961,76","R$ 297.218,43","R$ 1.744.542,96","R$ 545.770,57","R$ 0,00","R$ 0,00"
Aviação Comercial,EMBRAER 190 (E190),2,2018,2019,2,16153,28080,"R$ 4,50","R$ 5,52","R$ 2,35","R$ 4,60",,0,BOC Aviation,São José dos Campos,Singapura,15933,4537,3,"R$ 290.757,16","R$ 620.006,40","R$ 151.988,46","R$ 297.218,43","R$ 581.514,32","R$ 303.976,92","R$ 0,00","R$ 0,00"
Aviação Comercial,EMBRAER 190 (E190),3,2017,2018,2,16153,28080,"R$ 4,50","R$ 5,52","R$ 2,12","R$ 4,60",,0,BOC Aviation,São José dos Campos,Singapura,15933,4537,3,"R$ 290.757,16","R$ 620.006,40","R$ 137.282,61","R$ 297.218,43","R$ 872.271,48","R$ 411.847,83","R$ 0,00","R$ 0,00"
Aviação Comercial,EMBRAER 190 (E190),1,2007,2008,2,16153,28080,"R$ 4,50","R$ 5,52","R$ 1,29","R$ 4,60",,0,BOC Aviation,São José dos Campos,Singapura,15933,4537,3,"R$ 290.757,16","R$ 620.006,40","R$ 83.628,22","R$ 297.218,43","R$ 290.757,16","R$ 83.628,22","R$ 0,00","R$ 0,00"
Aviação Comercial,EMBRAER 190 (E190),11,2018,2019,2,16153,28080,"R$ 4,50","R$ 5,52","R$ 2,35","R$ 4,60",,0,China Southern,São José dos Campos,China,16805,4537,3,"R$ 290.757,16","R$ 620.006,40","R$ 151.988,46","R$ 297.218,43","R$ 3.198.328,77","R$ 1.671.873,06","R$ 0,00","R$ 0,00"
Aviação Comercial,EMBRAER 190 (E190),1,2021,2022,2,16153,28080,"R$ 4,50","R$ 5,52","R$ 4,46","R$ 4,60",,0,China Southern,São José dos Campos,China,16805,4537,3,"R$ 290.757,16","R$ 620.006,40","R$ 287.875,43","R$ 297.218,43","R$ 620.006,40","R$ 287.875,43","R$ 0,00","R$ 0,00"
Aviação Comercial,EMBRAER 190 (E190),2,2019,2020,2,16153,28080,"R$ 4,50","R$ 5,52","R$ 2,00","R$ 4,60",,0,China Southern,São José dos Campos,China,16805,4537,3,"R$ 290.757,16","R$ 620.006,40","R$ 129.134,95","R$ 297.218,43","R$ 1.240.012,80","R$ 258.269,89","R$ 0,00","R$ 0,00"
Aviação Comercial,EMBRAER 190 (E190),3,2006,2007,2,16153,28080,"R$ 4,50","R$ 5,52","R$ 1,41","R$ 4,60",,0,China Southern,São José dos Campos,China,16805,4537,3,"R$ 290.757,16","R$ 620.006,40","R$ 90.961,76","R$ 297.218,43","R$ 872.271,48","R$ 272.885,29","R$ 0,00","R$ 0,00"
Aviação Comercial,EMBRAER 190 (E190),1,2018,2019,2,16153,28080,"R$ 4,50","R$ 5,52","R$ 2,35","R$ 4,60",,0,China Southern,São José dos Campos,China,16805,4537,3,"R$ 290.757,16","R$ 620.006,40","R$ 151.988,46","R$ 297.218,43","R$ 290.757,16","R$ 151.988,46","R$ 0,00","R$ 0,00"
Aviação Comercial,EMBRAER 190 (E190),2,2010,2011,2,16153,28080,"R$ 4,50","R$ 5,52","R$ 1,61","R$ 4,60",,0,China Southern,São José dos Campos,China,16805,4537,3,"R$ 290.757,16","R$ 620.006,40","R$ 104.116,91","R$ 297.218,43","R$ 581.514,32","R$ 208.233,82","R$ 0,00","R$ 0,00"
Aviação Comercial,EMBRAER 190 (E190),2,2019,2020,2,16153,28080,"R$ 4,50","R$ 5,52","R$ 2,00","R$ 4,60",,0,CIAF,São José dos Campos,Egito,9932,4537,2,"R$ 218.067,87","R$ 465.004,80","R$ 96.851,21","R$ 222.913,82","R$ 930.009,60","R$ 193.702,42","R$ 0,00","R$ 0,00"
Aviação Comercial,EMBRAER 190 (E190),1,2017,2018,2,16153,28080,"R$ 4,50","R$ 5,52","R$ 2,12","R$ 4,60",,0,CIAF,São José dos Campos,Egito,9932,4537,2,"R$ 218.067,87","R$ 465.004,80","R$ 102.961,96","R$ 222.913,82","R$ 218.067,87","R$ 102.961,96","R$ 0,00","R$ 0,00"
Aviação Comercial,EMBRAER 190 (E190),1,2007,2008,2,16153,28080,"R$ 4,50","R$ 5,52","R$ 1,29","R$ 4,60",,0,CIT,São José dos Campos,EUA,8490,4537,1,"R$ 145.378,58","R$ 310.003,20","R$ 41.814,11","R$ 148.609,22","R$ 145.378,58","R$ 41.814,11","R$ 0,00","R$ 0,00"
Aviação Comercial,EMBRAER 190 (E190),2,2014,2015,2,16153,28080,"R$ 4,50","R$ 5,52","R$ 1,60","R$ 4,60",,0,CIT,São José dos Campos,EUA,8490,4537,1,"R$ 145.378,58","R$ 310.003,20","R$ 51.735,39","R$ 148.609,22","R$ 290.757,16","R$ 103.470,78","R$ 0,00","R$ 0,00"
Aviação Comercial,EMBRAER 190 (E190),2,2022,2023,2,16153,28080,"R$ 4,50","R$ 5,52","R$ 4,40","R$ 4,60",,0,CIT,São José dos Campos,EUA,8490,4537,1,"R$ 145.378,58","R$ 310.003,20","R$ 142.109,18","R$ 148.609,22","R$ 620.006,40","R$ 284.218,36","R$ 0,00","R$ 0,00"
Aviação Comercial,EMBRAER 190 (E190),1,2019,2020,2,16153,28080,"R$ 4,50","R$ 5,52","R$ 2,00","R$ 4,60",,0,CIT,São José dos Campos,EUA,8490,4537,1,"R$ 145.378,58","R$ 310.003,20","R$ 64.567,47","R$ 148.609,22","R$ 310.003,20","R$ 64.567,47","R$ 0,00","R$ 0,00"
Aviação Comercial,EMBRAER 190 (E190),1,2010,2011,2,16153,28080,"R$ 4,50","R$ 5,52","R$ 1,61","R$ 4,60",,0,CIT,São José dos Campos,EUA,8490,4537,1,"R$ 145.378,58","R$ 310.003,20","R$ 52.058,45","R$ 148.609,22","R$ 145.378,58","R$ 52.058,45","R$ 0,00","R$ 0,00"
Aviação Comercial,EMBRAER 190 (E190),15,2009,2010,2,16153,28080,"R$ 4,50","R$ 5,52","R$ 1,20","R$ 4,60",,0,Conviasa,São José dos Campos,Venezuela,3988,4537,0,"R$ 72.689,29","R$ 155.001,60","R$ 19.432,27","R$ 74.304,61","R$ 1.090.339,35","R$ 291.484,05","R$ 0,00","R$ 0,00"
Aviação Comercial,EMBRAER 190 (E190),1,2007,2008,2,16153,28080,"R$ 4,50","R$ 5,52","R$ 1,29","R$ 4,60",,0,Conviasa,São José dos Campos,Venezuela,3988,4537,0,"R$ 72.689,29","R$ 155.001,60","R$ 20.907,06","R$ 74.304,61","R$ 72.689,29","R$ 20.907,06","R$ 0,00","R$ 0,00"
Aviação Comercial,EMBRAER 190 (E190),5,2011,2012,2,16153,28080,"R$ 4,50","R$ 5,52","R$ 1,83","R$ 4,60",,0,Copa,São José dos Campos,Panamá,5180,4537,1,"R$ 145.378,58","R$ 310.003,20","R$ 59.149,70","R$ 148.609,22","R$ 726.892,90","R$ 295.748,49","R$ 0,00","R$ 0,00"
Aviação Comercial,EMBRAER 190 (E190),7,2021,2022,2,16153,28080,"R$ 4,50","R$ 5,52","R$ 4,46","R$ 4,60",,0,Copa,São José dos Campos,Panamá,5180,4537,1,"R$ 145.378,58","R$ 310.003,20","R$ 143.937,72","R$ 148.609,22","R$ 2.170.022,40","R$ 1.007.564,02","R$ 0,00","R$ 0,00"
Aviação Comercial,EMBRAER 190 (E190),1,2023,2023,2,16153,28080,"R$ 4,50","R$ 5,52","R$ 4,40","R$ 4,60",,0,Copa,São José dos Campos,Panamá,5180,4537,1,"R$ 145.378,58","R$ 310.003,20","R$ 142.109,18","R$ 148.609,22","R$ 310.003,20","R$ 142.109,18","R$ 0,00","R$ 0,00"
Aviação Comercial,EMBRAER 190 (E190),2,2019,2020,2,16153,28080,"R$ 4,50","R$ 5,52","R$ 2,00","R$ 4,60",,0,Copa,São José dos Campos,Panamá,5180,4537,1,"R$ 145.378,58","R$ 310.003,20","R$ 64.567,47","R$ 148.609,22","R$ 620.006,40","R$ 129.134,95","R$ 0,00","R$ 0,00"
Aviação Comercial,EMBRAER 190 (E190),5,2012,2013,2,16153,28080,"R$ 4,50","R$ 5,52","R$ 1,97","R$ 4,60",,0,Dniproavia,São José dos Campos,Ucrânia,11012,4537,2,"R$ 218.067,87","R$ 465.004,80","R$ 95.596,11","R$ 222.913,82","R$ 1.090.339,35","R$ 477.980,54","R$ 0,00","R$ 0,00"
Aviação Comercial,EMBRAER 190 (E190),1,2018,2019,2,16153,28080,"R$ 4,50","R$ 5,52","R$ 2,35","R$ 4,60",,0,ECC Leasing,São José dos Campos,Irlanda,9254,4537,2,"R$ 218.067,87","R$ 465.004,80","R$ 113.991,34","R$ 222.913,82","R$ 218.067,87","R$ 113.991,34","R$ 0,00","R$ 0,00"
Aviação Comercial,EMBRAER 190 (E190),1,2006,2007,2,16153,28080,"R$ 4,50","R$ 5,52","R$ 1,41","R$ 4,60",,0,Finnair,São José dos Campos,Finlândia,11359,4537,2,"R$ 218.067,87","R$ 465.004,80","R$ 68.221,32","R$ 222.913,82","R$ 218.067,87","R$ 68.221,32","R$ 0,00","R$ 0,00"
Aviação Comercial,EMBRAER 190 (E190),10,2018,2019,2,16153,28080,"R$ 4,50","R$ 5,52","R$ 2,35","R$ 4,60",,0,Finnair,São José dos Campos,Finlândia,11359,4537,2,"R$ 218.067,87","R$ 465.004,80","R$ 113.991,34","R$ 222.913,82","R$ 2.180.678,71","R$ 1.139.913,45","R$ 0,00","R$ 0,00"
Aviação Comercial,EMBRAER 190 (E190),1,2022,2023,2,16153,28080,"R$ 4,50","R$ 5,52","R$ 4,40","R$ 4,60",,0,Finnair,São José dos Campos,Finlândia,11359,4537,2,"R$ 218.067,87","R$ 465.004,80","R$ 213.163,77","R$ 222.913,82","R$ 465.004,80","R$ 213.163,77","R$ 0,00","R$ 0,00"
Aviação Comercial,EMBRAER 190 (E190),15,2022,2023,2,16153,28080,"R$ 4,50","R$ 5,52","R$ 4,40","R$ 4,60",,0,GECAS,São José dos Campos,EUA,8490,4537,1,"R$ 145.378,58","R$ 310.003,20","R$ 142.109,18","R$ 148.609,22","R$ 4.650.048,00","R$ 2.131.637,66","R$ 0,00","R$ 0,00"
Aviação Comercial,EMBRAER 190 (E190),6,2008,2009,2,16153,28080,"R$ 4,50","R$ 5,52","R$ 1,05","R$ 4,60",,0,GECAS,São José dos Campos,EUA,8490,4537,1,"R$ 145.378,58","R$ 310.003,20","R$ 34.021,82","R$ 148.609,22","R$ 872.271,48","R$ 204.130,91","R$ 0,00","R$ 0,00"
Aviação Comercial,EMBRAER 190 (E190),3,2017,2018,2,16153,28080,"R$ 4,50","R$ 5,52","R$ 2,12","R$ 4,60",,0,GECAS,São José dos Campos,EUA,8490,4537,1,"R$ 145.378,58","R$ 310.003,20","R$ 68.641,30","R$ 148.609,22","R$ 436.135,74","R$ 205.923,91","R$ 0,00","R$ 0,00"
Aviação Comercial,EMBRAER 190 (E190),3,2021,2022,2,16153,28080,"R$ 4,50","R$ 5,52","R$ 4,46","R$ 4,60",,0,GECAS,São José dos Campos,EUA,8490,4537,1,"R$ 145.378,58","R$ 310.003,20","R$ 143.937,72","R$ 148.609,22","R$ 930.009,60","R$ 431.813,15","R$ 0,00","R$ 0,00"
Aviação Comercial,EMBRAER 190 (E190),2,2006,2007,2,16153,28080,"R$ 4,50","R$ 5,52","R$ 1,41","R$ 4,60",,0,Guizhou Colorful,São José dos Campos,China,16805,4537,3,"R$ 290.757,16","R$ 620.006,40","R$ 90.961,76","R$ 297.218,43","R$ 581.514,32","R$ 181.923,52","R$ 0,00","R$ 0,00"
Aviação Comercial,EMBRAER 190 (E190),5,2023,2023,2,16153,28080,"R$ 4,50","R$ 5,52","R$ 4,40","R$ 4,60",,0,Guizhou Colorful,São José dos Campos,China,16805,4537,3,"R$ 290.757,16","R$ 620.006,40","R$ 284.218,36","R$ 297.218,43","R$ 3.100.032,00","R$ 1.421.091,78","R$ 0,00","R$ 0,00"
Aviação Comercial,EMBRAER 190 (E190),1,2005,2006,2,16153,28080,"R$ 4,50","R$ 5,52","R$ 1,17","R$ 4,60",,0,Guizhou Colorful,São José dos Campos,China,16805,4537,3,"R$ 290.757,16","R$ 620.006,40","R$ 75.642,09","R$ 297.218,43","R$ 290.757,16","R$ 75.642,09","R$ 0,00","R$ 0,00"
Aviação Comercial,EMBRAER 190 (E190),1,2018,2019,2,16153,28080,"R$ 4,50","R$ 5,52","R$ 2,35","R$ 4,60",,0,Guizhou Colorful,São José dos Campos,China,16805,4537,3,"R$ 290.757,16","R$ 620.006,40","R$ 151.988,46","R$ 297.218,43","R$ 290.757,16","R$ 151.988,46","R$ 0,00","R$ 0,00"
Aviação Comercial,EMBRAER 190 (E190),20,2015,2016,2,16153,28080,"R$ 4,50","R$ 5,52","R$ 1,48","R$ 4,60",,0,Hainan,São José dos Campos,China,16805,4537,3,"R$ 290.757,16","R$ 620.006,40","R$ 95.678,49","R$ 297.218,43","R$ 5.815.143,22","R$ 1.913.569,79","R$ 0,00","R$ 0,00"
Aviação Comercial,EMBRAER 190 (E190),4,2020,2021,2,16153,28080,"R$ 4,50","R$ 5,52","R$ 3,71","R$ 4,60",,0,Hainan,São José dos Campos,China,16805,4537,3,"R$ 290.757,16","R$ 620.006,40","R$ 239.693,74","R$ 297.218,43","R$ 2.480.025,60","R$ 958.774,97","R$ 0,00","R$ 0,00"
Aviação Comercial,EMBRAER 190 (E190),11,2012,2013,2,16153,28080,"R$ 4,50","R$ 5,52","R$ 1,97","R$ 4,60",,0,Hainan,São José dos Campos,China,16805,4537,3,"R$ 290.757,16","R$ 620.006,40","R$ 127.461,48","R$ 297.218,43","R$ 3.198.328,77","R$ 1.402.076,26","R$ 0,00","R$ 0,00"
Aviação Comercial,EMBRAER 190 (E190),13,2016,2017,2,16153,28080,"R$ 4,50","R$ 5,52","R$ 1,81","R$ 4,60",,0,Hainan,São José dos Campos,China,16805,4537,3,"R$ 290.757,16","R$ 620.006,40","R$ 116.690,54","R$ 297.218,43","R$ 3.779.843,09","R$ 1.516.977,03","R$ 0,00","R$ 0,00"
Aviação Comercial,EMBRAER 190 (E190),2,2023,2023,2,16153,28080,"R$ 4,50","R$ 5,52","R$ 4,40","R$ 4,60",,0,Hainan,São José dos Campos,China,16805,4537,3,"R$ 290.757,16","R$ 620.006,40","R$ 284.218,36","R$ 297.218,43","R$ 1.240.012,80","R$ 568.436,71","R$ 0,00","R$ 0,00"
Aviação Comercial,EMBRAER 190 (E190),3,2017,2018,2,16153,28080,"R$ 4,50","R$ 5,52","R$ 2,12","R$ 4,60",,0,Hebei,São José dos Campos,China,16805,4537,3,"R$ 290.757,16","R$ 620.006,40","R$ 137.282,61","R$ 297.218,43","R$ 872.271,48","R$ 411.847,83","R$ 0,00","R$ 0,00"
Aviação Comercial,EMBRAER 190 (E190),1,2018,2019,2,16153,28080,"R$ 4,50","R$ 5,52","R$ 2,35","R$ 4,60",,0,Hebei,São José dos Campos,China,16805,4537,3,"R$ 290.757,16","R$ 620.006,40","R$ 151.988,46","R$ 297.218,43","R$ 290.757,16","R$ 151.988,46","R$ 0,00","R$ 0,00"
Aviação Comercial,EMBRAER 190 (E190),1,2008,2009,2,16153,28080,"R$ 4,50","R$ 5,52","R$ 1,05","R$ 4,60",,0,Hebei,São José dos Campos,China,16805,4537,3,"R$ 290.757,16","R$ 620.006,40","R$ 68.043,64","R$ 297.218,43","R$ 290.757,16","R$ 68.043,64","R$ 0,00","R$ 0,00"
Aviação Comercial,EMBRAER 190 (E190),1,2018,2019,2,16153,28080,"R$ 4,50","R$ 5,52","R$ 2,35","R$ 4,60",,0,Hebei,São José dos Campos,China,16805,4537,3,"R$ 290.757,16","R$ 620.006,40","R$ 151.988,46","R$ 297.218,43","R$ 290.757,16","R$ 151.988,46","R$ 0,00","R$ 0,00"
Aviação Comercial,EMBRAER 190 (E190),13,2011,2012,2,16153,28080,"R$ 4,50","R$ 5,52","R$ 1,83","R$ 4,60",,0,JAL,São José dos Campos,Japão,18506,4537,4,"R$ 363.446,45","R$ 775.008,00","R$ 147.874,25","R$ 371.523,04","R$ 4.724.803,86","R$ 1.922.365,20","R$ 0,00","R$ 0,00"
Aviação Comercial,EMBRAER 190 (E190),1,2014,2015,2,16153,28080,"R$ 4,50","R$ 5,52","R$ 1,60","R$ 4,60",,0,JAL,São José dos Campos,Japão,18506,4537,4,"R$ 363.446,45","R$ 775.008,00","R$ 129.338,48","R$ 371.523,04","R$ 363.446,45","R$ 129.338,48","R$ 0,00","R$ 0,00"
Aviação Comercial,EMBRAER 190 (E190),36,2014,2015,2,16153,28080,"R$ 4,50","R$ 5,52","R$ 1,60","R$ 4,60",,0,JetBlue,São José dos Campos,EUA,8490,4537,1,"R$ 145.378,58","R$ 310.003,20","R$ 51.735,39","R$ 148.609,22","R$ 5.233.628,89","R$ 1.862.474,07","R$ 0,00","R$ 0,00"
Aviação Comercial,EMBRAER 190 (E190),26,2004,2005,2,16153,28080,"R$ 4,50","R$ 5,52","R$ 1,15","R$ 4,60",,0,JetBlue,São José dos Campos,EUA,8490,4537,1,"R$ 145.378,58","R$ 310.003,20","R$ 36.990,77","R$ 148.609,22","R$ 3.779.843,09","R$ 961.760,08","R$ 0,00","R$ 0,00"
Aviação Comercial,EMBRAER 190 (E190),1,2005,2006,2,16153,28080,"R$ 4,50","R$ 5,52","R$ 1,17","R$ 4,60",,0,JetBlue,São José dos Campos,EUA,8490,4537,1,"R$ 145.378,58","R$ 310.003,20","R$ 37.821,05","R$ 148.609,22","R$ 145.378,58","R$ 37.821,05","R$ 0,00","R$ 0,00"
Aviação Comercial,EMBRAER 190 (E190),1,2016,2017,2,16153,28080,"R$ 4,50","R$ 5,52","R$ 1,81","R$ 4,60",,0,JetBlue,São José dos Campos,EUA,8490,4537,1,"R$ 145.378,58","R$ 310.003,20","R$ 58.345,27","R$ 148.609,22","R$ 145.378,58","R$ 58.345,27","R$ 0,00","R$ 0,00"
Aviação Comercial,EMBRAER 190 (E190),5,2019,2020,2,16153,28080,"R$ 4,50","R$ 5,52","R$ 2,00","R$ 4,60",,0,Kenya Airways,São José dos Campos,Quênia,9367,4537,2,"R$ 218.067,87","R$ 465.004,80","R$ 96.851,21","R$ 222.913,82","R$ 2.325.024,00","R$ 484.256,05","R$ 0,00","R$ 0,00"
Aviação Comercial,EMBRAER 190 (E190),2,2015,2016,2,16153,28080,"R$ 4,50","R$ 5,52","R$ 1,48","R$ 4,60",,0,Kenya Airways,São José dos Campos,Quênia,9367,4537,2,"R$ 218.067,87","R$ 465.004,80","R$ 71.758,87","R$ 222.913,82","R$ 436.135,74","R$ 143.517,73","R$ 0,00","R$ 0,00"
Aviação Comercial,EMBRAER 190 (E190),2,2006,2007,2,16153,28080,"R$ 4,50","R$ 5,52","R$ 1,41","R$ 4,60",,0,Kenya Airways,São José dos Campos,Quênia,9367,4537,2,"R$ 218.067,87","R$ 465.004,80","R$ 68.221,32","R$ 222.913,82","R$ 436.135,74","R$ 136.442,64","R$ 0,00","R$ 0,00"
Aviação Comercial,EMBRAER 190 (E190),1,2004,2005,2,16153,28080,"R$ 4,50","R$ 5,52","R$ 1,15","R$ 4,60",,0,Kenya Airways,São José dos Campos,Quênia,9367,4537,2,"R$ 218.067,87","R$ 465.004,80","R$ 55.486,16","R$ 222.913,82","R$ 218.067,87","R$ 55.486,16","R$ 0,00","R$ 0,00"
Aviação Comercial,EMBRAER 190 (E190),18,2011,2012,2,16153,28080,"R$ 4,50","R$ 5,52","R$ 1,83","R$ 4,60",,0,KLM,São José dos Campos,Países Baixos,9731,4537,2,"R$ 218.067,87","R$ 465.004,80","R$ 88.724,55","R$ 222.913,82","R$ 3.925.221,67","R$ 1.597.041,86","R$ 0,00","R$ 0,00"
Aviação Comercial,EMBRAER 190 (E190),4,2023,2023,2,16153,28080,"R$ 4,50","R$ 5,52","R$ 4,40","R$ 4,60",,0,KLM,São José dos Campos,Países Baixos,9731,4537,2,"R$ 218.067,87","R$ 465.004,80","R$ 213.163,77","R$ 222.913,82","R$ 1.860.019,20","R$ 852.655,07","R$ 0,00","R$ 0,00"
Aviação Comercial,EMBRAER 190 (E190),2,2012,2013,2,16153,28080,"R$ 4,50","R$ 5,52","R$ 1,97","R$ 4,60",,0,KLM,São José dos Campos,Países Baixos,9731,4537,2,"R$ 218.067,87","R$ 465.004,80","R$ 95.596,11","R$ 222.913,82","R$ 436.135,74","R$ 191.192,22","R$ 0,00","R$ 0,00"
Aviação Comercial,EMBRAER 190 (E190),2,2005,2006,2,16153,28080,"R$ 4,50","R$ 5,52","R$ 1,17","R$ 4,60",,0,KLM,São José dos Campos,Países Baixos,9731,4537,2,"R$ 218.067,87","R$ 465.004,80","R$ 56.731,57","R$ 222.913,82","R$ 436.135,74","R$ 113.463,14","R$ 0,00","R$ 0,00"
Aviação Comercial,EMBRAER 190 (E190),1,2021,2022,2,16153,28080,"R$ 4,50","R$ 5,52","R$ 4,46","R$ 4,60",,0,KunPeng,São José dos Campos,China,16805,4537,3,"R$ 290.757,16","R$ 620.006,40","R$ 287.875,43","R$ 297.218,43","R$ 620.006,40","R$ 287.875,43","R$ 0,00","R$ 0,00"
Aviação Comercial,EMBRAER 190 (E190),4,2004,2005,2,16153,28080,"R$ 4,50","R$ 5,52","R$ 1,15","R$ 4,60",,0,KunPeng,São José dos Campos,China,16805,4537,3,"R$ 290.757,16","R$ 620.006,40","R$ 73.981,54","R$ 297.218,43","R$ 1.163.028,64","R$ 295.926,18","R$ 0,00","R$ 0,00"
Aviação Comercial,EMBRAER 190 (E190),1,2023,2023,2,16153,28080,"R$ 4,50","R$ 5,52","R$ 4,40","R$ 4,60",,0,LAM,São José dos Campos,Moçambique,8353,4537,1,"R$ 145.378,58","R$ 310.003,20","R$ 142.109,18","R$ 148.609,22","R$ 310.003,20","R$ 142.109,18","R$ 0,00","R$ 0,00"
Aviação Comercial,EMBRAER 190 (E190),1,2020,2021,2,16153,28080,"R$ 4,50","R$ 5,52","R$ 3,71","R$ 4,60",,0,LAM,São José dos Campos,Moçambique,8353,4537,1,"R$ 145.378,58","R$ 310.003,20","R$ 119.846,87","R$ 148.609,22","R$ 310.003,20","R$ 119.846,87","R$ 0,00","R$ 0,00"
Aviação Comercial,EMBRAER 190 (E190),5,2012,2013,2,16153,28080,"R$ 4,50","R$ 5,52","R$ 1,97","R$ 4,60",,0,Lufthansa,São José dos Campos,Alemanha,9923,4537,2,"R$ 218.067,87","R$ 465.004,80","R$ 95.596,11","R$ 222.913,82","R$ 1.090.339,35","R$ 477.980,54","R$ 0,00","R$ 0,00"
Aviação Comercial,EMBRAER 190 (E190),4,2021,2022,2,16153,28080,"R$ 4,50","R$ 5,52","R$ 4,46","R$ 4,60",,0,Lufthansa,São José dos Campos,Alemanha,9923,4537,2,"R$ 218.067,87","R$ 465.004,80","R$ 215.906,58","R$ 222.913,82","R$ 1.860.019,20","R$ 863.626,30","R$ 0,00","R$ 0,00"
Aviação Comercial,EMBRAER 190 (E190),8,2022,2023,2,16153,28080,"R$ 4,50","R$ 5,52","R$ 4,40","R$ 4,60",,0,M1 Travel,São José dos Campos,Líbano,10704,4537,2,"R$ 218.067,87","R$ 465.004,80","R$ 213.163,77","R$ 222.913,82","R$ 3.720.038,40","R$ 1.705.310,13","R$ 0,00","R$ 0,00"
Aviação Comercial,EMBRAER 190 (E190),5,2009,2010,2,16153,28080,"R$ 4,50","R$ 5,52","R$ 1,20","R$ 4,60",,0,NAC / Aldus,São José dos Campos,Irlanda,9254,4537,2,"R$ 218.067,87","R$ 465.004,80","R$ 58.296,81","R$ 222.913,82","R$ 1.090.339,35","R$ 291.484,05","R$ 0,00","R$ 0,00"
Aviação Comercial,EMBRAER 190 (E190),3,2006,2007,2,16153,28080,"R$ 4,50","R$ 5,52","R$ 1,41","R$ 4,60",,0,NAC / Aldus,São José dos Campos,Irlanda,9254,4537,2,"R$ 218.067,87","R$ 465.004,80","R$ 68.221,32","R$ 222.913,82","R$ 654.203,61","R$ 204.663,97","R$ 0,00","R$ 0,00"
Aviação Comercial,EMBRAER 190 (E190),3,2007,2008,2,16153,28080,"R$ 4,50","R$ 5,52","R$ 1,29","R$ 4,60",,0,NAC / Aldus,São José dos Campos,Irlanda,9254,4537,2,"R$ 218.067,87","R$ 465.004,80","R$ 62.721,17","R$ 222.913,82","R$ 654.203,61","R$ 188.163,50","R$ 0,00","R$ 0,00"
Aviação Comercial,EMBRAER 190 (E190),5,2012,2013,2,16153,28080,"R$ 4,50","R$ 5,52","R$ 1,97","R$ 4,60",,0,NAC / Aldus,São José dos Campos,Irlanda,9254,4537,2,"R$ 218.067,87","R$ 465.004,80","R$ 95.596,11","R$ 222.913,82","R$ 1.090.339,35","R$ 477.980,54","R$ 0,00","R$ 0,00"
Aviação Comercial,EMBRAER 190 (E190),3,2017,2018,2,16153,28080,"R$ 4,50","R$ 5,52","R$ 2,12","R$ 4,60",,0,NAC / Aldus,São José dos Campos,Irlanda,9254,4537,2,"R$ 218.067,87","R$ 465.004,80","R$ 102.961,96","R$ 222.913,82","R$ 654.203,61","R$ 308.885,87","R$ 0,00","R$ 0,00"
Aviação Comercial,EMBRAER 190 (E190),1,2005,2006,2,16153,28080,"R$ 4,50","R$ 5,52","R$ 1,17","R$ 4,60",,0,NAC / Aldus,São José dos Campos,Irlanda,9254,4537,2,"R$ 218.067,87","R$ 465.004,80","R$ 56.731,57","R$ 222.913,82","R$ 218.067,87","R$ 56.731,57","R$ 0,00","R$ 0,00"
Aviação Comercial,EMBRAER 190 (E190),1,2007,2008,2,16153,28080,"R$ 4,50","R$ 5,52","R$ 1,29","R$ 4,60",,0,NAC / Aldus,São José dos Campos,Irlanda,9254,4537,2,"R$ 218.067,87","R$ 465.004,80","R$ 62.721,17","R$ 222.913,82","R$ 218.067,87","R$ 62.721,17","R$ 0,00","R$ 0,00"
Aviação Comercial,EMBRAER 190 (E190),2,2023,2023,2,16153,28080,"R$ 4,50","R$ 5,52","R$ 4,40","R$ 4,60",,0,NAC / Jetscape,São José dos Campos,EUA,8490,4537,1,"R$ 145.378,58","R$ 310.003,20","R$ 142.109,18","R$ 148.609,22","R$ 620.006,40","R$ 284.218,36","R$ 0,00","R$ 0,00"
Aviação Comercial,EMBRAER 190 (E190),6,2017,2018,2,16153,28080,"R$ 4,50","R$ 5,52","R$ 2,12","R$ 4,60",,0,NAC / Jetscape,São José dos Campos,EUA,8490,4537,1,"R$ 145.378,58","R$ 310.003,20","R$ 68.641,30","R$ 148.609,22","R$ 872.271,48","R$ 411.847,83","R$ 0,00","R$ 0,00"
Aviação Comercial,EMBRAER 190 (E190),1,2011,2012,2,16153,28080,"R$ 4,50","R$ 5,52","R$ 1,83","R$ 4,60",,0,NAC / Jetscape,São José dos Campos,EUA,8490,4537,1,"R$ 145.378,58","R$ 310.003,20","R$ 59.149,70","R$ 148.609,22","R$ 145.378,58","R$ 59.149,70","R$ 0,00","R$ 0,00"
Aviação Comercial,EMBRAER 190 (E190),2,2008,2009,2,16153,28080,"R$ 4,50","R$ 5,52","R$ 1,05","R$ 4,60",,0,NAS Air,São José dos Campos,Arábia Saudita,11114,4537,2,"R$ 218.067,87","R$ 465.004,80","R$ 51.032,73","R$ 222.913,82","R$ 436.135,74","R$ 102.065,46","R$ 0,00","R$ 0,00"
Aviação Comercial,EMBRAER 190 (E190),1,2011,2012,2,16153,28080,"R$ 4,50","R$ 5,52","R$ 1,83","R$ 4,60",,0,NAS Air,São José dos Campos,Arábia Saudita,11114,4537,2,"R$ 218.067,87","R$ 465.004,80","R$ 88.724,55","R$ 222.913,82","R$ 218.067,87","R$ 88.724,55","R$ 0,00","R$ 0,00"
Aviação Comercial,EMBRAER 190 (E190),4,2014,2015,2,16153,28080,"R$ 4,50","R$ 5,52","R$ 1,60","R$ 4,60",,0,NIKI,São José dos Campos,Áustria,9903,4537,2,"R$ 218.067,87","R$ 465.004,80","R$ 77.603,09","R$ 222.913,82","R$ 872.271,48","R$ 310.412,34","R$ 0,00","R$ 0,00"
Aviação Comercial,EMBRAER 190 (E190),1,2020,2021,2,16153,28080,"R$ 4,50","R$ 5,52","R$ 3,71","R$ 4,60",,0,NIKI,São José dos Campos,Áustria,9903,4537,2,"R$ 218.067,87","R$ 465.004,80","R$ 179.770,31","R$ 222.913,82","R$ 465.004,80","R$ 179.770,31","R$ 0,00","R$ 0,00"
Aviação Comercial,EMBRAER 190 (E190),1,2019,2020,2,16153,28080,"R$ 4,50","R$ 5,52","R$ 2,00","R$ 4,60",,0,NIKI,São José dos Campos,Áustria,9903,4537,2,"R$ 218.067,87","R$ 465.004,80","R$ 96.851,21","R$ 222.913,82","R$ 465.004,80","R$ 96.851,21","R$ 0,00","R$ 0,00"
Aviação Comercial,EMBRAER 190 (E190),1,2023,2023,2,16153,28080,"R$ 4,50","R$ 5,52","R$ 4,40","R$ 4,60",,0,NIKI,São José dos Campos,Áustria,9903,4537,2,"R$ 218.067,87","R$ 465.004,80","R$ 213.163,77","R$ 222.913,82","R$ 465.004,80","R$ 213.163,77","R$ 0,00","R$ 0,00"
Aviação Comercial,EMBRAER 190 (E190),8,2011,2012,2,16153,28080,"R$ 4,50","R$ 5,52","R$ 1,83","R$ 4,60",,0,Regional,São José dos Campos,França,9108,4537,2,"R$ 218.067,87","R$ 465.004,80","R$ 88.724,55","R$ 222.913,82","R$ 1.744.542,96","R$ 709.796,38","R$ 0,00","R$ 0,00"
Aviação Comercial,EMBRAER 190 (E190),2,2015,2016,2,16153,28080,"R$ 4,50","R$ 5,52","R$ 1,48","R$ 4,60",,0,Regional,São José dos Campos,França,9108,4537,2,"R$ 218.067,87","R$ 465.004,80","R$ 71.758,87","R$ 222.913,82","R$ 436.135,74","R$ 143.517,73","R$ 0,00","R$ 0,00"
Aviação Comercial,EMBRAER 190 (E190),2,2019,2020,2,16153,28080,"R$ 4,50","R$ 5,52","R$ 2,00","R$ 4,60",,0,Republic,São José dos Campos,EUA,8490,4537,1,"R$ 145.378,58","R$ 310.003,20","R$ 64.567,47","R$ 148.609,22","R$ 620.006,40","R$ 129.134,95","R$ 0,00","R$ 0,00"
Aviação Comercial,EMBRAER 190 (E190),8,2019,2020,2,16153,28080,"R$ 4,50","R$ 5,52","R$ 2,00","R$ 4,60",,0,Taca,São José dos Campos,El Salvador,6227,4537,1,"R$ 145.378,58","R$ 310.003,20","R$ 64.567,47","R$ 148.609,22","R$ 2.480.025,60","R$ 516.539,79","R$ 0,00","R$ 0,00"
Aviação Comercial,EMBRAER 190 (E190),1,2016,2017,2,16153,28080,"R$ 4,50","R$ 5,52","R$ 1,81","R$ 4,60",,0,Taca,São José dos Campos,El Salvador,6227,4537,1,"R$ 145.378,58","R$ 310.003,20","R$ 58.345,27","R$ 148.609,22","R$ 145.378,58","R$ 58.345,27","R$ 0,00","R$ 0,00"
Aviação Comercial,EMBRAER 190 (E190),1,2012,2013,2,16153,28080,"R$ 4,50","R$ 5,52","R$ 1,97","R$ 4,60",,0,Taca,São José dos Campos,El Salvador,6227,4537,1,"R$ 145.378,58","R$ 310.003,20","R$ 63.730,74","R$ 148.609,22","R$ 145.378,58","R$ 63.730,74","R$ 0,00","R$ 0,00"
Aviação Comercial,EMBRAER 190 (E190),1,2011,2012,2,16153,28080,"R$ 4,50","R$ 5,52","R$ 1,83","R$ 4,60",,0,Taca,São José dos Campos,El Salvador,6227,4537,1,"R$ 145.378,58","R$ 310.003,20","R$ 59.149,70","R$ 148.609,22","R$ 145.378,58","R$ 59.149,70","R$ 0,00","R$ 0,00"
Aviação Comercial,EMBRAER 190 (E190),2,2013,2014,2,16153,28080,"R$ 4,50","R$ 5,52","R$ 1,74","R$ 4,60",,0,TAME,São José dos Campos,Equador,4212,4537,0,"R$ 72.689,29","R$ 155.001,60","R$ 28.066,14","R$ 74.304,61","R$ 145.378,58","R$ 56.132,29","R$ 0,00","R$ 0,00"
Aviação Comercial,EMBRAER 190 (E190),1,2022,2023,2,16153,28080,"R$ 4,50","R$ 5,52","R$ 4,40","R$ 4,60",,0,TAME,São José dos Campos,Equador,4212,4537,0,"R$ 72.689,29","R$ 155.001,60","R$ 71.054,59","R$ 74.304,61","R$ 155.001,60","R$ 71.054,59","R$ 0,00","R$ 0,00"
Aviação Comercial,EMBRAER 190 (E190),3,2017,2018,2,16153,28080,"R$ 4,50","R$ 5,52","R$ 2,12","R$ 4,60",,0,TRIP,São José dos Campos,Brasil,124,4537,0,"R$ 72.689,29","R$ 155.001,60","R$ 34.320,65","R$ 74.304,61","R$ 218.067,87","R$ 102.961,96","R$ 0,00","R$ 0,00"
Aviação Comercial,EMBRAER 190 (E190),14,2004,2005,2,16153,28080,"R$ 4,50","R$ 5,52","R$ 1,15","R$ 4,60",,0,US Airways,São José dos Campos,EUA,8490,4537,1,"R$ 145.378,58","R$ 310.003,20","R$ 36.990,77","R$ 148.609,22","R$ 2.035.300,13","R$ 517.870,81","R$ 0,00","R$ 0,00"
Aviação Comercial,EMBRAER 190 (E190),7,2008,2009,2,16153,28080,"R$ 4,50","R$ 5,52","R$ 1,05","R$ 4,60",,0,US Airways,São José dos Campos,EUA,8490,4537,1,"R$ 145.378,58","R$ 310.003,20","R$ 34.021,82","R$ 148.609,22","R$ 1.017.650,06","R$ 238.152,73","R$ 0,00","R$ 0,00"
Aviação Comercial,EMBRAER 190 (E190),1,2020,2021,2,16153,28080,"R$ 4,50","R$ 5,52","R$ 3,71","R$ 4,60",,0,US Airways,São José dos Campos,EUA,8490,4537,1,"R$ 145.378,58","R$ 310.003,20","R$ 119.846,87","R$ 148.609,22","R$ 310.003,20","R$ 119.846,87","R$ 0,00","R$ 0,00"
Aviação Comercial,EMBRAER 190 (E190),3,2006,2007,2,16153,28080,"R$ 4,50","R$ 5,52","R$ 1,41","R$ 4,60",,0,US Airways,São José dos Campos,EUA,8490,4537,1,"R$ 145.378,58","R$ 310.003,20","R$ 45.480,88","R$ 148.609,22","R$ 436.135,74","R$ 136.442,64","R$ 0,00","R$ 0,00"
Aviação Comercial,EMBRAER 190 (E190),12,2021,2022,2,16153,28080,"R$ 4,50","R$ 5,52","R$ 4,46","R$ 4,60",,0,Virgin Australia,São José dos Campos,Austrália,14613,4537,3,"R$ 290.757,16","R$ 620.006,40","R$ 287.875,43","R$ 297.218,43","R$ 7.440.076,80","R$ 3.454.505,21","R$ 0,00","R$ 0,00"
Aviação Comercial,EMBRAER 190 (E190),6,2004,2005,2,16153,28080,"R$ 4,50","R$ 5,52","R$ 1,15","R$ 4,60",,0,Virgin Australia,São José dos Campos,Austrália,14613,4537,3,"R$ 290.757,16","R$ 620.006,40","R$ 73.981,54","R$ 297.218,43","R$ 1.744.542,96","R$ 443.889,27","R$ 0,00","R$ 0,00"
Aviação Comercial,EMBRAER 190 (E190),2,2006,2007,2,16153,28080,"R$ 4,50","R$ 5,52","R$ 1,41","R$ 4,60",,0,Virgin Nigeria,São José dos Campos,Nigéria,6930,4537,1,"R$ 145.378,58","R$ 310.003,20","R$ 45.480,88","R$ 148.609,22","R$ 290.757,16","R$ 90.961,76","R$ 0,00","R$ 0,00"
Aviação Comercial,EMBRAER 195 (E195),1,2021,2022,2,16153,28970,"R$ 4,50","R$ 5,52","R$ 4,46","R$ 4,60",,0,Arkia,São José dos Campos,Israel,10490,4260,2,"R$ 218.067,87","R$ 479.743,20","R$ 215.906,58","R$ 222.913,82","R$ 479.743,20","R$ 215.906,58","R$ 0,00","R$ 0,00"
Aviação Comercial,EMBRAER 195 (E195),1,2023,2023,2,16153,28970,"R$ 4,50","R$ 5,52","R$ 4,40","R$ 4,60",,0,Aurigny,São José dos Campos,Guernesei,9138,4260,2,"R$ 218.067,87","R$ 479.743,20","R$ 213.163,77","R$ 222.913,82","R$ 479.743,20","R$ 213.163,77","R$ 0,00","R$ 0,00"
Aviação Comercial,EMBRAER 195 (E195),15,2014,2015,2,16153,28970,"R$ 4,50","R$ 5,52","R$ 1,60","R$ 4,60",,0,Azul,São José dos Campos,Brasil,124,4260,0,"R$ 72.689,29","R$ 159.914,40","R$ 25.867,70","R$ 74.304,61","R$ 1.090.339,35","R$ 388.015,43","R$ 0,00","R$ 0,00"
Aviação Comercial,EMBRAER 195 (E195),21,2022,2023,2,16153,28970,"R$ 4,50","R$ 5,52","R$ 4,40","R$ 4,60",,0,Azul,São José dos Campos,Brasil,124,4260,0,"R$ 72.689,29","R$ 159.914,40","R$ 71.054,59","R$ 74.304,61","R$ 3.358.202,40","R$ 1.492.146,37","R$ 0,00","R$ 0,00"
Aviação Comercial,EMBRAER 195 (E195),4,2007,2008,2,16153,28970,"R$ 4,50","R$ 5,52","R$ 1,29","R$ 4,60",,0,Azul,São José dos Campos,Brasil,124,4260,0,"R$ 72.689,29","R$ 159.914,40","R$ 20.907,06","R$ 74.304,61","R$ 290.757,16","R$ 83.628,22","R$ 0,00","R$ 0,00"
Aviação Comercial,EMBRAER 195 (E195),3,2021,2022,2,16153,28970,"R$ 4,50","R$ 5,52","R$ 4,46","R$ 4,60",,0,Azul,São José dos Campos,Brasil,124,4260,0,"R$ 72.689,29","R$ 159.914,40","R$ 71.968,86","R$ 74.304,61","R$ 479.743,20","R$ 215.906,58","R$ 0,00","R$ 0,00"
Aviação Comercial,EMBRAER 195 (E195),6,2012,2013,2,16153,28970,"R$ 4,50","R$ 5,52","R$ 1,97","R$ 4,60",,0,Azul,São José dos Campos,Brasil,124,4260,0,"R$ 72.689,29","R$ 159.914,40","R$ 31.865,37","R$ 74.304,61","R$ 436.135,74","R$ 191.192,22","R$ 0,00","R$ 0,00"
Aviação Comercial,EMBRAER 195 (E195),1,2017,2018,2,16153,28970,"R$ 4,50","R$ 5,52","R$ 2,12","R$ 4,60",,0,Azul,São José dos Campos,Brasil,124,4260,0,"R$ 72.689,29","R$ 159.914,40","R$ 34.320,65","R$ 74.304,61","R$ 72.689,29","R$ 34.320,65","R$ 0,00","R$ 0,00"
Aviação Comercial,EMBRAER 195 (E195),7,2021,2022,2,16153,28970,"R$ 4,50","R$ 5,52","R$ 4,46","R$ 4,60",,0,Azul,São José dos Campos,Brasil,124,4260,0,"R$ 72.689,29","R$ 159.914,40","R$ 71.968,86","R$ 74.304,61","R$ 1.119.400,80","R$ 503.782,01","R$ 0,00","R$ 0,00"
Aviação Comercial,EMBRAER 195 (E195),1,2011,2012,2,16153,28970,"R$ 4,50","R$ 5,52","R$ 1,83","R$ 4,60",,0,Azul,São José dos Campos,Brasil,124,4260,0,"R$ 72.689,29","R$ 159.914,40","R$ 29.574,85","R$ 74.304,61","R$ 72.689,29","R$ 29.574,85","R$ 0,00","R$ 0,00"
Aviação Comercial,EMBRAER 195 (E195),1,2014,2015,2,16153,28970,"R$ 4,50","R$ 5,52","R$ 1,60","R$ 4,60",,0,Azul,São José dos Campos,Brasil,124,4260,0,"R$ 72.689,29","R$ 159.914,40","R$ 25.867,70","R$ 74.304,61","R$ 72.689,29","R$ 25.867,70","R$ 0,00","R$ 0,00"
Aviação Comercial,EMBRAER 195 (E195),1,2011,2012,2,16153,28970,"R$ 4,50","R$ 5,52","R$ 1,83","R$ 4,60",,0,Belavia,São José dos Campos,Bielorrússia,11066,4260,2,"R$ 218.067,87","R$ 479.743,20","R$ 88.724,55","R$ 222.913,82","R$ 218.067,87","R$ 88.724,55","R$ 0,00","R$ 0,00"
Aviação Comercial,EMBRAER 195 (E195),2,2014,2015,2,16153,28970,"R$ 4,50","R$ 5,52","R$ 1,60","R$ 4,60",,0,Belavia,São José dos Campos,Bielorrússia,11066,4260,2,"R$ 218.067,87","R$ 479.743,20","R$ 77.603,09","R$ 222.913,82","R$ 436.135,74","R$ 155.206,17","R$ 0,00","R$ 0,00"
Aviação Comercial,EMBRAER 195 (E195),1,2012,2013,2,16153,28970,"R$ 4,50","R$ 5,52","R$ 1,97","R$ 4,60",,0,Belavia,São José dos Campos,Bielorrússia,11066,4260,2,"R$ 218.067,87","R$ 479.743,20","R$ 95.596,11","R$ 222.913,82","R$ 218.067,87","R$ 95.596,11","R$ 0,00","R$ 0,00"
Aviação Comercial,EMBRAER 195 (E195),1,2023,2023,2,16153,28970,"R$ 4,50","R$ 5,52","R$ 4,40","R$ 4,60",,0,BOC Aviation,São José dos Campos,Singapura,15933,4260,3,"R$ 290.757,16","R$ 639.657,60","R$ 284.218,36","R$ 297.218,43","R$ 639.657,60","R$ 284.218,36","R$ 0,00","R$ 0,00"
Aviação Comercial,EMBRAER 195 (E195),11,2014,2015,2,16153,28970,"R$ 4,50","R$ 5,52","R$ 1,60","R$ 4,60",,0,Flybe,São José dos Campos,Reino Unido,9614,4260,2,"R$ 218.067,87","R$ 479.743,20","R$ 77.603,09","R$ 222.913,82","R$ 2.398.746,58","R$ 853.633,95","R$ 0,00","R$ 0,00"
Aviação Comercial,EMBRAER 195 (E195),3,2015,2016,2,16153,28970,"R$ 4,50","R$ 5,52","R$ 1,48","R$ 4,60",,0,Flybe,São José dos Campos,Reino Unido,9614,4260,2,"R$ 218.067,87","R$ 479.743,20","R$ 71.758,87","R$ 222.913,82","R$ 654.203,61","R$ 215.276,60","R$ 0,00","R$ 0,00"
Aviação Comercial,EMBRAER 195 (E195),11,2014,2015,2,16153,28970,"R$ 4,50","R$ 5,52","R$ 1,60","R$ 4,60",,0,GECAS,São José dos Campos,EUA,8490,4260,1,"R$ 145.378,58","R$ 319.828,80","R$ 51.735,39","R$ 148.609,22","R$ 1.599.164,38","R$ 569.089,30","R$ 0,00","R$ 0,00"
Aviação Comercial,EMBRAER 195 (E195),1,2009,2010,2,16153,28970,"R$ 4,50","R$ 5,52","R$ 1,20","R$ 4,60",,0,GECAS,São José dos Campos,EUA,8490,4260,1,"R$ 145.378,58","R$ 319.828,80","R$ 38.864,54","R$ 148.609,22","R$ 145.378,58","R$ 38.864,54","R$ 0,00","R$ 0,00"
Aviação Comercial,EMBRAER 195 (E195),8,2022,2023,2,16153,28970,"R$ 4,50","R$ 5,52","R$ 4,40","R$ 4,60",,0,Globalia,São José dos Campos,Espanha,8310,4260,1,"R$ 145.378,58","R$ 319.828,80","R$ 142.109,18","R$ 148.609,22","R$ 2.558.630,40","R$ 1.136.873,42","R$ 0,00","R$ 0,00"
Aviação Comercial,EMBRAER 195 (E195),3,2013,2014,2,16153,28970,"R$ 4,50","R$ 5,52","R$ 1,74","R$ 4,60",,0,Globalia,São José dos Campos,Espanha,8310,4260,1,"R$ 145.378,58","R$ 319.828,80","R$ 56.132,29","R$ 148.609,22","R$ 436.135,74","R$ 168.396,86","R$ 0,00","R$ 0,00"
Aviação Comercial,EMBRAER 195 (E195),1,2023,2023,2,16153,28970,"R$ 4,50","R$ 5,52","R$ 4,40","R$ 4,60",,0,Globalia,São José dos Campos,Espanha,8310,4260,1,"R$ 145.378,58","R$ 319.828,80","R$ 142.109,18","R$ 148.609,22","R$ 319.828,80","R$ 142.109,18","R$ 0,00","R$ 0,00"
Aviação Comercial,EMBRAER 195 (E195),7,2022,2023,2,16153,28970,"R$ 4,50","R$ 5,52","R$ 4,40","R$ 4,60",,0,Hainan,São José dos Campos,China,16805,4260,3,"R$ 290.757,16","R$ 639.657,60","R$ 284.218,36","R$ 297.218,43","R$ 4.477.603,20","R$ 1.989.528,49","R$ 0,00","R$ 0,00"
Aviação Comercial,EMBRAER 195 (E195),13,2011,2012,2,16153,28970,"R$ 4,50","R$ 5,52","R$ 1,83","R$ 4,60",,0,Hainan,São José dos Campos,China,16805,4260,3,"R$ 290.757,16","R$ 639.657,60","R$ 118.299,40","R$ 297.218,43","R$ 3.779.843,09","R$ 1.537.892,16","R$ 0,00","R$ 0,00"
Aviação Comercial,EMBRAER 195 (E195),1,2015,2016,2,16153,28970,"R$ 4,50","R$ 5,52","R$ 1,48","R$ 4,60",,0,LOT Polish,São José dos Campos,Polônia,10454,4260,2,"R$ 218.067,87","R$ 479.743,20","R$ 71.758,87","R$ 222.913,82","R$ 218.067,87","R$ 71.758,87","R$ 0,00","R$ 0,00"
Aviação Comercial,EMBRAER 195 (E195),3,2009,2010,2,16153,28970,"R$ 4,50","R$ 5,52","R$ 1,20","R$ 4,60",,0,LOT Polish,São José dos Campos,Polônia,10454,4260,2,"R$ 218.067,87","R$ 479.743,20","R$ 58.296,81","R$ 222.913,82","R$ 654.203,61","R$ 174.890,43","R$ 0,00","R$ 0,00"
Aviação Comercial,EMBRAER 195 (E195),22,2018,2019,2,16153,28970,"R$ 4,50","R$ 5,52","R$ 2,35","R$ 4,60",,0,Lufthansa,São José dos Campos,Alemanha,9923,4260,2,"R$ 218.067,87","R$ 479.743,20","R$ 113.991,34","R$ 222.913,82","R$ 4.797.493,15","R$ 2.507.809,59","R$ 0,00","R$ 0,00"
Aviação Comercial,EMBRAER 195 (E195),10,2014,2015,2,16153,28970,"R$ 4,50","R$ 5,52","R$ 1,60","R$ 4,60",,0,Lufthansa,São José dos Campos,Alemanha,9923,4260,2,"R$ 218.067,87","R$ 479.743,20","R$ 77.603,09","R$ 222.913,82","R$ 2.180.678,71","R$ 776.030,86","R$ 0,00","R$ 0,00"
Aviação Comercial,EMBRAER 195 (E195),2,2013,2014,2,16153,28970,"R$ 4,50","R$ 5,52","R$ 1,74","R$ 4,60",,0,Lufthansa,São José dos Campos,Alemanha,9923,4260,2,"R$ 218.067,87","R$ 479.743,20","R$ 84.198,43","R$ 222.913,82","R$ 436.135,74","R$ 168.396,86","R$ 0,00","R$ 0,00"
Aviação Comercial,EMBRAER 195 (E195),1,2020,2021,2,16153,28970,"R$ 4,50","R$ 5,52","R$ 3,71","R$ 4,60",,0,Montenegro,São José dos Campos,Montenegro,9905,4260,2,"R$ 218.067,87","R$ 479.743,20","R$ 179.770,31","R$ 222.913,82","R$ 479.743,20","R$ 179.770,31","R$ 0,00","R$ 0,00"
Aviação Comercial,EMBRAER 195 (E195),1,2011,2012,2,16153,28970,"R$ 4,50","R$ 5,52","R$ 1,83","R$ 4,60",,0,NAC / Aldus,São José dos Campos,Irlanda,9254,4260,2,"R$ 218.067,87","R$ 479.743,20","R$ 88.724,55","R$ 222.913,82","R$ 218.067,87","R$ 88.724,55","R$ 0,00","R$ 0,00"
Aviação Comercial,EMBRAER 195 (E195),1,2010,2011,2,16153,28970,"R$ 4,50","R$ 5,52","R$ 1,61","R$ 4,60",,0,NAC / Aldus,São José dos Campos,Irlanda,9254,4260,2,"R$ 218.067,87","R$ 479.743,20","R$ 78.087,68","R$ 222.913,82","R$ 218.067,87","R$ 78.087,68","R$ 0,00","R$ 0,00"
Aviação Comercial,EMBRAER 195 (E195),2,2023,2023,2,16153,28970,"R$ 4,50","R$ 5,52","R$ 4,40","R$ 4,60",,0,NAC / Aldus,São José dos Campos,Irlanda,9254,4260,2,"R$ 218.067,87","R$ 479.743,20","R$ 213.163,77","R$ 222.913,82","R$ 959.486,40","R$ 426.327,53","R$ 0,00","R$ 0,00"
Aviação Comercial,EMBRAER 195 (E195),1,2013,2014,2,16153,28970,"R$ 4,50","R$ 5,52","R$ 1,74","R$ 4,60",,0,NAC / Jetscape,São José dos Campos,EUA,8490,4260,1,"R$ 145.378,58","R$ 319.828,80","R$ 56.132,29","R$ 148.609,22","R$ 145.378,58","R$ 56.132,29","R$ 0,00","R$ 0,00"
Aviação Comercial,EMBRAER 195 (E195),1,2009,2010,2,16153,28970,"R$ 4,50","R$ 5,52","R$ 1,20","R$ 4,60",,0,NAC / Jetscape,São José dos Campos,EUA,8490,4260,1,"R$ 145.378,58","R$ 319.828,80","R$ 38.864,54","R$ 148.609,22","R$ 145.378,58","R$ 38.864,54","R$ 0,00","R$ 0,00"
Aviação Comercial,EMBRAER 195 (E195),1,2011,2012,2,16153,28970,"R$ 4,50","R$ 5,52","R$ 1,83","R$ 4,60",,0,Royal Jordanian,São José dos Campos,Jordânia,10590,4260,2,"R$ 218.067,87","R$ 479.743,20","R$ 88.724,55","R$ 222.913,82","R$ 218.067,87","R$ 88.724,55","R$ 0,00","R$ 0,00"
Aviação Comercial,EMBRAER 195 (E195),1,2016,2017,2,16153,28970,"R$ 4,50","R$ 5,52","R$ 1,81","R$ 4,60",,0,Royal Jordanian,São José dos Campos,Jordânia,10590,4260,2,"R$ 218.067,87","R$ 479.743,20","R$ 87.517,91","R$ 222.913,82","R$ 218.067,87","R$ 87.517,91","R$ 0,00","R$ 0,00"
Aviação Comercial,EMBRAER 195 (E195),1,2009,2010,2,16153,28970,"R$ 4,50","R$ 5,52","R$ 1,20","R$ 4,60",,0,TRIP,São José dos Campos,Brasil,124,4260,0,"R$ 72.689,29","R$ 159.914,40","R$ 19.432,27","R$ 74.304,61","R$ 72.689,29","R$ 19.432,27","R$ 0,00","R$ 0,00"
Aviação Comercial,EMBRAER 190-E2 (E190-E2),4,2018,2019,2,17049,28000,"R$ 4,50","R$ 5,52","R$ 2,35","R$ 4,60",,0,Aercap,São José dos Campos,Irlanda,9254,5278,1,"R$ 153.437,11","R$ 309.120,00","R$ 80.206,69","R$ 156.846,82","R$ 613.748,44","R$ 320.826,77","R$ 0,00","R$ 0,00"
Aviação Comercial,EMBRAER 190-E2 (E190-E2),1,2022,2023,2,17049,28000,"R$ 4,50","R$ 5,52","R$ 4,40","R$ 4,60",,0,Aercap,São José dos Campos,Irlanda,9254,5278,1,"R$ 153.437,11","R$ 309.120,00","R$ 149.986,48","R$ 156.846,82","R$ 309.120,00","R$ 149.986,48","R$ 0,00","R$ 0,00"
Aviação Comercial,EMBRAER 190-E2 (E190-E2),1,2021,2022,2,17049,28000,"R$ 4,50","R$ 5,52","R$ 4,46","R$ 4,60",,1,Air Kiribati,São José dos Campos,Quiribáti,12272,5278,2,"R$ 230.155,67","R$ 463.680,00","R$ 227.874,57","R$ 235.270,24","R$ 463.680,00","R$ 227.874,57","R$ 463.680,00","R$ 235.270,24"
Aviação Comercial,EMBRAER 190-E2 (E190-E2),8,2020,2021,2,17049,28000,"R$ 4,50","R$ 5,52","R$ 3,71","R$ 4,60",,0,Helvetic,São José dos Campos,Suíça,9484,5278,1,"R$ 153.437,11","R$ 309.120,00","R$ 126.490,14","R$ 156.846,82","R$ 2.472.960,00","R$ 1.011.921,16","R$ 0,00","R$ 0,00"
Aviação Comercial,EMBRAER 190-E2 (E190-E2),1,2020,2021,2,17049,28000,"R$ 4,50","R$ 5,52","R$ 3,71","R$ 4,60",,0,Wideroe,São José dos Campos,Noruega,10506,5278,1,"R$ 153.437,11","R$ 309.120,00","R$ 126.490,14","R$ 156.846,82","R$ 309.120,00","R$ 126.490,14","R$ 0,00","R$ 0,00"
Aviação Comercial,EMBRAER 190-E2 (E190-E2),2,2018,2019,2,17049,28000,"R$ 4,50","R$ 5,52","R$ 2,35","R$ 4,60",,0,Wideroe,São José dos Campos,Noruega,10506,5278,1,"R$ 153.437,11","R$ 309.120,00","R$ 80.206,69","R$ 156.846,82","R$ 306.874,22","R$ 160.413,39","R$ 0,00","R$ 0,00"
Aviação Comercial,EMBRAER 190-E2 (E190-E2),1,2018,2019,2,17049,28000,"R$ 4,50","R$ 5,52","R$ 2,35","R$ 4,60",,0,Placar Linhas Aéreas,São José dos Campos,Brasil,124,5278,0,"R$ 76.718,56","R$ 154.560,00","R$ 40.103,35","R$ 78.423,41","R$ 76.718,56","R$ 40.103,35","R$ 0,00","R$ 0,00"
Aviação Comercial,EMBRAER 195-E2 (E195-E2),16,2023,2023,2,17049,28970,"R$ 4,50","R$ 5,52","R$ 4,40","R$ 4,60",,28,Aercap,São José dos Campos,Irlanda,9254,4800,1,"R$ 153.437,11","R$ 319.828,80","R$ 149.986,48","R$ 156.846,82","R$ 5.117.260,80","R$ 2.399.783,70","R$ 8.955.206,40","R$ 4.391.711,09"
Aviação Comercial,EMBRAER 195-E2 (E195-E2),1,2022,2023,2,17049,28970,"R$ 4,50","R$ 5,52","R$ 4,40","R$ 4,60",,0,Aercap,São José dos Campos,Irlanda,9254,4800,1,"R$ 153.437,11","R$ 319.828,80","R$ 149.986,48","R$ 156.846,82","R$ 319.828,80","R$ 149.986,48","R$ 0,00","R$ 0,00"
Aviação Comercial,EMBRAER 195-E2 (E195-E2),4,2021,2022,2,17049,28970,"R$ 4,50","R$ 5,52","R$ 4,46","R$ 4,60",,8,Air Peace,São José dos Campos,Nigéria,6930,4800,1,"R$ 153.437,11","R$ 319.828,80","R$ 151.916,38","R$ 156.846,82","R$ 1.279.315,20","R$ 607.665,52","R$ 2.558.630,40","R$ 1.254.774,60"
Aviação Comercial,EMBRAER 195-E2 (E195-E2),1,2018,2019,2,17049,28970,"R$ 4,50","R$ 5,52","R$ 2,35","R$ 4,60",,0,Air Peace,São José dos Campos,Nigéria,6930,4800,1,"R$ 153.437,11","R$ 319.828,80","R$ 80.206,69","R$ 156.846,82","R$ 153.437,11","R$ 80.206,69","R$ 0,00","R$ 0,00"
Aviação Comercial,EMBRAER 195-E2 (E195-E2),1,2020,2021,2,17049,28970,"R$ 4,50","R$ 5,52","R$ 3,71","R$ 4,60",,9,Aircastle,São José dos Campos,EUA,8490,4800,1,"R$ 153.437,11","R$ 319.828,80","R$ 126.490,14","R$ 156.846,82","R$ 319.828,80","R$ 126.490,14","R$ 2.878.459,20","R$ 1.411.621,42"
Aviação Comercial,EMBRAER 195-E2 (E195-E2),2,2018,2019,2,17049,28970,"R$ 4,50","R$ 5,52","R$ 2,35","R$ 4,60",,0,Aircastle,São José dos Campos,EUA,8490,4800,1,"R$ 153.437,11","R$ 319.828,80","R$ 80.206,69","R$ 156.846,82","R$ 306.874,22","R$ 160.413,39","R$ 0,00","R$ 0,00"
Aviação Comercial,EMBRAER 195-E2 (E195-E2),7,2019,2020,2,17049,28970,"R$ 4,50","R$ 5,52","R$ 2,00","R$ 4,60",,0,Aircastle,São José dos Campos,EUA,8490,4800,1,"R$ 153.437,11","R$ 319.828,80","R$ 68.146,54","R$ 156.846,82","R$ 2.238.801,60","R$ 477.025,75","R$ 0,00","R$ 0,00"
Aviação Comercial,EMBRAER 195-E2 (E195-E2),4,2022,2023,2,17049,28970,"R$ 4,50","R$ 5,52","R$ 4,40","R$ 4,60",,0,Aircastle,São José dos Campos,EUA,8490,4800,1,"R$ 153.437,11","R$ 319.828,80","R$ 149.986,48","R$ 156.846,82","R$ 1.279.315,20","R$ 599.945,92","R$ 0,00","R$ 0,00"
Aviação Comercial,EMBRAER 195-E2 (E195-E2),4,2021,2022,2,17049,28970,"R$ 4,50","R$ 5,52","R$ 4,46","R$ 4,60",,11,Binter Canarias,São José dos Campos,Espanha,8310,4800,1,"R$ 153.437,11","R$ 319.828,80","R$ 151.916,38","R$ 156.846,82","R$ 1.279.315,20","R$ 607.665,52","R$ 3.518.116,80","R$ 1.725.315,07"
Aviação Comercial,EMBRAER 195-E2 (E195-E2),1,2022,2023,2,17049,28970,"R$ 4,50","R$ 5,52","R$ 4,40","R$ 4,60",,0,Binter Canarias,São José dos Campos,Espanha,8310,4800,1,"R$ 153.437,11","R$ 319.828,80","R$ 149.986,48","R$ 156.846,82","R$ 319.828,80","R$ 149.986,48","R$ 0,00","R$ 0,00"
Aviação Comercial,EMBRAER 195-E2 (E195-E2),1,2021,2022,2,17049,28970,"R$ 4,50","R$ 5,52","R$ 4,46","R$ 4,60",,0,Helvetic,São José dos Campos,Suíça,9484,4800,1,"R$ 153.437,11","R$ 319.828,80","R$ 151.916,38","R$ 156.846,82","R$ 319.828,80","R$ 151.916,38","R$ 0,00","R$ 0,00"
Aviação Comercial,EMBRAER 195-E2 (E195-E2),1,2018,2019,2,17049,28970,"R$ 4,50","R$ 5,52","R$ 2,35","R$ 4,60",,0,Helvetic,São José dos Campos,Suíça,9484,4800,1,"R$ 153.437,11","R$ 319.828,80","R$ 80.206,69","R$ 156.846,82","R$ 153.437,11","R$ 80.206,69","R$ 0,00","R$ 0,00"
Aviação Comercial,EMBRAER 195-E2 (E195-E2),1,2022,2023,2,17049,28970,"R$ 4,50","R$ 5,52","R$ 4,40","R$ 4,60",,0,Helvetic,São José dos Campos,Suíça,9484,4800,1,"R$ 153.437,11","R$ 319.828,80","R$ 149.986,48","R$ 156.846,82","R$ 319.828,80","R$ 149.986,48","R$ 0,00","R$ 0,00"
Aviação Comercial,EMBRAER 195-E2 (E195-E2),1,2018,2019,2,17049,28970,"R$ 4,50","R$ 5,52","R$ 2,35","R$ 4,60",,0,Helvetic,São José dos Campos,Suíça,9484,4800,1,"R$ 153.437,11","R$ 319.828,80","R$ 80.206,69","R$ 156.846,82","R$ 153.437,11","R$ 80.206,69","R$ 0,00","R$ 0,00"
Aviação Comercial,EMBRAER 195-E2 (E195-E2),7,2023,2023,2,17049,28970,"R$ 4,50","R$ 5,52","R$ 4,40","R$ 4,60",,3,ICBC,São José dos Campos,China,16805,4800,3,"R$ 306.874,22","R$ 639.657,60","R$ 299.972,96","R$ 313.693,65","R$ 4.477.603,20","R$ 2.099.810,73","R$ 1.918.972,80","R$ 941.080,95"
Aviação Comercial,EMBRAER 195-E2 (E195-E2),10,2020,2021,2,17049,28970,"R$ 4,50","R$ 5,52","R$ 3,71","R$ 4,60",,30,Porter,São José dos Campos,Canadá,10478,4800,2,"R$ 230.155,67","R$ 479.743,20","R$ 189.735,22","R$ 235.270,24","R$ 4.797.432,00","R$ 1.897.352,17","R$ 14.392.296,00","R$ 7.058.107,11"
Aviação Comercial,EMBRAER 195-E2 (E195-E2),8,2019,2020,2,17049,28970,"R$ 4,50","R$ 5,52","R$ 2,00","R$ 4,60",,0,Porter,São José dos Campos,Canadá,10478,4800,2,"R$ 230.155,67","R$ 479.743,20","R$ 102.219,80","R$ 235.270,24","R$ 3.837.945,60","R$ 817.758,43","R$ 0,00","R$ 0,00"
Aviação Comercial,EMBRAER 195-E2 (E195-E2),1,2021,2022,2,17049,28970,"R$ 4,50","R$ 5,52","R$ 4,46","R$ 4,60",,0,Porter,São José dos Campos,Canadá,10478,4800,2,"R$ 230.155,67","R$ 479.743,20","R$ 227.874,57","R$ 235.270,24","R$ 479.743,20","R$ 227.874,57","R$ 0,00","R$ 0,00"
Aviação Comercial,EMBRAER 195-E2 (E195-E2),1,2020,2021,2,17049,28970,"R$ 4,50","R$ 5,52","R$ 3,71","R$ 4,60",,0,Porter,São José dos Campos,Canadá,10478,4800,2,"R$ 230.155,67","R$ 479.743,20","R$ 189.735,22","R$ 235.270,24","R$ 479.743,20","R$ 189.735,22","R$ 0,00","R$ 0,00"